{
  "minecraft:recipes/building_blocks/polished_diorite_stairs_from_polished_diorite_stonecutting": {
    "criteria": {
      "has_polished_diorite": "2022-04-29 21:35:46 +0800"
    },
    "done": true
  },
  "chiselsandbits:recipes/chiselsandbits/chiseled_printer": {
    "criteria": {
      "has_c": "2022-04-28 22:20:48 +0800"
    },
    "done": true
  },
  "chiselsandbits:recipes/chiselsandbits/modification_table": {
    "criteria": {
      "has_c": "2022-04-28 22:20:48 +0800"
    },
    "done": true
  },
  "chiselsandbits:chiselsandbits/root": {
    "criteria": {
      "chisel": "2022-04-28 22:20:48 +0800"
    },
    "done": true
  },
  "chiselsandbits:recipes/chiselsandbits/magnifying_glass": {
    "criteria": {
      "has_c": "2022-04-28 22:20:48 +0800"
    },
    "done": true
  },
  "minecraft:recipes/building_blocks/polished_diorite_slab_from_polished_diorite_stonecutting": {
    "criteria": {
      "has_polished_diorite": "2022-04-29 21:35:46 +0800"
    },
    "done": true
  },
  "minecraft:recipes/decorations/chest": {
    "criteria": {
      "has_lots_of_items": "2022-04-29 23:50:53 +0800"
    },
    "done": true
  },
  "minecraft:recipes/building_blocks/polished_diorite_stairs": {
    "criteria": {
      "has_polished_diorite": "2022-04-29 21:35:46 +0800"
    },
    "done": true
  },
  "minecraft:recipes/building_blocks/polished_diorite_slab": {
    "criteria": {
      "has_polished_diorite": "2022-04-29 21:35:46 +0800"
    },
    "done": true
  },
  "minecraft:story/root": {
    "criteria": {
      "crafting_table": "2022-04-29 21:41:44 +0800"
    },
    "done": true
  },
  "chiselsandbits:recipes/chiselsandbits/bit_storage": {
    "criteria": {
      "has_c": "2022-04-28 22:20:48 +0800"
    },
    "done": true
  },
  "chiselsandbits:chiselsandbits/collect_bits": {
    "criteria": {
      "bit_bag": "2022-04-29 21:48:09 +0800"
    },
    "done": true
  },
  "chiselsandbits:recipes/chiselsandbits/bit_bag": {
    "criteria": {
      "has_b": "2022-04-28 22:22:48 +0800"
    },
    "done": true
  },
  "chiselsandbits:recipes/chiselsandbits/wrench": {
    "criteria": {
      "has_b": "2022-04-28 22:22:48 +0800"
    },
    "done": true
  },
  "chiselsandbits:recipes/chiselsandbits/chisel_stone": {
    "criteria": {
      "has_ingredient": "2022-04-29 21:35:46 +0800"
    },
    "done": true
  },
  "minecraft:adventure/adventuring_time": {
    "criteria": {
      "minecraft:plains": "2022-04-28 14:14:49 +0800"
    },
    "done": false
  },
  "DataVersion": 2975
}