{"stats":{"minecraft:dropped":{"minecraft:potion":1,"bitsandchisels:bits_block":6,"minecraft:totem_of_undying":1},"minecraft:custom":{"minecraft:time_since_rest":212547,"minecraft:sprint_one_cm":489654,"minecraft:damage_taken":6320,"minecraft:walk_one_cm":1850474,"minecraft:interact_with_anvil":1,"minecraft:drop":8,"minecraft:fly_one_cm":3272224,"minecraft:open_chest":8,"minecraft:crouch_one_cm":43522,"minecraft:play_time":770918,"minecraft:open_shulker_box":8,"minecraft:deaths":28,"minecraft:sneak_time":58999,"minecraft:walk_under_water_one_cm":5079,"minecraft:aviate_one_cm":492938,"minecraft:jump":4300,"minecraft:walk_on_water_one_cm":7368,"minecraft:leave_game":21,"minecraft:time_since_death":212483,"minecraft:total_world_time":770918,"minecraft:damage_resisted":1990,"minecraft:fall_one_cm":153153},"minecraft:used":{"bitsandchisels:bit_item":1459,"minecraft:moss_carpet":1,"minecraft:green_concrete":1,"minecraft:sea_lantern":3,"minecraft:firework_rocket":36,"minecraft:light_gray_concrete":185,"minecraft:polished_diorite_slab":1,"minecraft:stone":2,"bitsandchisels:blueprint":9,"minecraft:smooth_quartz":1,"minecraft:glowstone":38,"minecraft:dirt":25,"minecraft:potion":5,"minecraft:lime_bed":1,"bitsandchisels:bits_block":1177,"minecraft:white_bed":3,"minecraft:green_concrete_powder":1,"minecraft:yellow_concrete":20,"minecraft:white_concrete":139,"minecraft:acacia_planks":1,"minecraft:polished_diorite":490},"minecraft:mined":{"minecraft:white_bed":1},"minecraft:picked_up":{"minecraft:wooden_axe":1,"bitsandchisels:wrench":2,"minecraft:jukebox":10,"minecraft:yellow_concrete":2,"minecraft:potion":2,"minecraft:music_disc_11":1,"bitsandchisels:bits_block":739,"minecraft:music_disc_pigstep":1,"minecraft:white_bed":2,"bitsandchisels:smart_chisel":3,"minecraft:dirt":7,"minecraft:moss_carpet":1,"minecraft:light_gray_concrete":1,"bitsandchisels:bit_item":23538,"minecraft:acacia_planks":1,"minecraft:glowstone":2,"minecraft:white_concrete":1,"bitsandchisels:diamond_chisel":2}},"DataVersion":3105}