{"stats":{"minecraft:dropped":{"bitsandchisels:bit_item":1},"minecraft:used":{"bitsandchisels:bit_item":510,"minecraft:waxed_oxidized_copper":2,"minecraft:stone_brick_slab":2,"minecraft:polished_deepslate_slab":13,"minecraft:dirt":2,"minecraft:polished_deepslate":314,"minecraft:snow_block":4,"minecraft:grass_block":8,"bitsandchisels:bits_block":1211,"minecraft:iron_block":7,"minecraft:orange_wool":1,"minecraft:polished_diorite_slab":2911,"minecraft:quartz_block":2,"bitsandchisels:wrench":212,"minecraft:chest":2,"minecraft:white_concrete":471,"bitsandchisels:blueprint":3,"minecraft:acacia_planks":42,"minecraft:smooth_quartz":3,"minecraft:polished_diorite":1812},"minecraft:picked_up":{"bitsandchisels:bit_item":6273,"bitsandchisels:bits_block":308},"minecraft:custom":{"minecraft:time_since_rest":357950,"minecraft:open_chest":6,"minecraft:crouch_one_cm":63919,"minecraft:sprint_one_cm":71665,"minecraft:play_time":357950,"minecraft:walk_one_cm":329968,"minecraft:sneak_time":60709,"minecraft:trigger_trapped_chest":1,"minecraft:drop":1,"minecraft:jump":428,"minecraft:leave_game":7,"minecraft:walk_on_water_one_cm":394,"minecraft:time_since_death":357950,"minecraft:total_world_time":357950,"minecraft:fly_one_cm":1685844}},"DataVersion":3105}