{"stats":{"minecraft:picked_up":{"minecraft:wooden_axe":1,"minecraft:grass_block":1},"minecraft:custom":{"minecraft:time_since_rest":221025,"minecraft:crouch_one_cm":43,"minecraft:leave_game":12,"minecraft:play_time":221025,"minecraft:sprint_one_cm":980,"minecraft:time_since_death":221025,"minecraft:walk_one_cm":223809,"minecraft:sneak_time":1979,"minecraft:total_world_time":221025,"minecraft:drop":2,"minecraft:fly_one_cm":817029,"minecraft:jump":105},"minecraft:dropped":{"minecraft:wooden_axe":1,"minecraft:grass_block":1},"minecraft:used":{"minecraft:polished_diorite_stairs":54,"minecraft:green_concrete_powder":16,"minecraft:polished_diorite_slab":124,"minecraft:white_concrete":167,"minecraft:grass_block":598,"minecraft:crafting_table":3,"minecraft:polished_diorite":3,"minecraft:red_concrete":25}},"DataVersion":2975}