{"stats":{"minecraft:custom":{"minecraft:time_since_rest":114486,"minecraft:open_chest":1,"minecraft:crouch_one_cm":4043,"minecraft:open_shulker_box":21,"minecraft:sprint_one_cm":12205,"minecraft:play_time":114486,"minecraft:walk_one_cm":113856,"minecraft:sneak_time":11117,"minecraft:drop":1,"minecraft:jump":137,"minecraft:leave_game":4,"minecraft:time_since_death":114486,"minecraft:total_world_time":114486,"minecraft:fly_one_cm":507291},"minecraft:dropped":{"bitsandchisels:bits_block":1},"minecraft:picked_up":{"minecraft:light_blue_shulker_box":1,"bitsandchisels:bits_block":72},"minecraft:used":{"minecraft:calcite":2,"minecraft:bedrock":1,"minecraft:light_blue_shulker_box":3,"minecraft:polished_deepslate":2,"minecraft:light_blue_concrete":5,"bitsandchisels:bits_block":51,"minecraft:oak_planks":1,"minecraft:gold_block":2,"minecraft:stone":1,"minecraft:white_shulker_box":1,"bitsandchisels:blueprint":44,"minecraft:smooth_quartz":6,"bitsandchisels:bit_item":493}},"DataVersion":3105}