{"stats":{"minecraft:used":{"minecraft:oak_leaves":1,"minecraft:terracotta":1,"minecraft:orange_concrete":1,"minecraft:red_concrete":1,"minecraft:red_concrete_powder":1,"bitsandchisels:bits_block":1,"minecraft:grass_block":4,"minecraft:orange_wool":1,"minecraft:red_terracotta":1,"minecraft:stone":3},"minecraft:picked_up":{"minecraft:grass_block":1,"bitsandchisels:bits_block":3},"minecraft:custom":{"minecraft:time_since_rest":111278,"minecraft:crouch_one_cm":905,"minecraft:sprint_one_cm":19341,"minecraft:play_time":111278,"minecraft:walk_one_cm":112905,"minecraft:sneak_time":1388,"minecraft:drop":1,"minecraft:jump":268,"minecraft:leave_game":15,"minecraft:time_since_death":111278,"minecraft:total_world_time":111278,"minecraft:fly_one_cm":685859},"minecraft:dropped":{"bitsandchisels:bits_block":1}},"DataVersion":3105}