{"stats":{"minecraft:custom":{"minecraft:inspect_dropper":3,"minecraft:mob_kills":22,"minecraft:interact_with_anvil":19,"minecraft:animals_bred":1,"minecraft:interact_with_crafting_table":1,"minecraft:open_shulker_box":14,"minecraft:leave_game":81,"minecraft:time_since_death":2624165,"minecraft:sprint_one_cm":967403,"minecraft:walk_one_cm":2587241,"minecraft:drop":4932,"minecraft:play_time":3359939,"minecraft:deaths":3,"minecraft:sneak_time":444598,"minecraft:interact_with_lectern":3,"minecraft:jump":10717,"minecraft:total_world_time":3359939,"minecraft:interact_with_furnace":8,"minecraft:play_record":6,"minecraft:pot_flower":8,"minecraft:time_since_rest":2624190,"minecraft:damage_taken":579,"minecraft:trigger_trapped_chest":1,"minecraft:damage_dealt":2233,"minecraft:interact_with_beacon":3,"minecraft:fly_one_cm":13755131,"minecraft:open_chest":28,"minecraft:crouch_one_cm":378423,"minecraft:fall_one_cm":5854,"minecraft:inspect_dispenser":5},"minecraft:killed_by":{"minecraft:player":1},"minecraft:dropped":{"minecraft:nether_brick_stairs":1,"minecraft:wolf_spawn_egg":1,"minecraft:cobbled_deepslate_stairs":1,"minecraft:copper_block":1,"minecraft:yellow_concrete":43,"bitsandchisels:diamond_chisel":23,"minecraft:netherite_chestplate":1,"bitsandchisels:wrench":92,"minecraft:yellow_terracotta":1,"minecraft:glow_item_frame":1,"minecraft:oxidized_cut_copper_slab":1,"minecraft:tropical_fish":67,"minecraft:grass_block":10,"minecraft:chainmail_helmet":1,"minecraft:polished_andesite":5,"minecraft:cyan_terracotta":1,"minecraft:iron_block":3,"minecraft:gray_concrete":1,"minecraft:dirt":2,"minecraft:blue_dye":1,"minecraft:deepslate_gold_ore":2,"minecraft:polished_diorite_stairs":1,"minecraft:light_blue_stained_glass":1,"minecraft:stone_button":1,"minecraft:green_dye":2,"minecraft:black_stained_glass_pane":1,"minecraft:yellow_dye":1,"minecraft:dark_oak_trapdoor":3,"minecraft:wooden_axe":17,"minecraft:white_concrete":70,"minecraft:smooth_quartz":5,"bitsandchisels:smart_chisel":22,"bitsandchisels:bits_block":3412,"minecraft:smooth_quartz_slab":4,"minecraft:wooden_sword":1,"minecraft:polished_andesite_stairs":2,"minecraft:stripped_oak_wood":1,"minecraft:black_concrete":76,"minecraft:acacia_planks":31,"minecraft:oxidized_copper":2,"minecraft:stone_brick_slab":1,"minecraft:bone":64,"minecraft:redstone":1,"minecraft:polished_deepslate":3,"minecraft:dark_oak_door":2,"minecraft:polished_diorite":2,"minecraft:red_concrete":3,"minecraft:pink_terracotta":1,"minecraft:moss_carpet":1,"minecraft:lever":2,"minecraft:diamond_block":8,"minecraft:polished_diorite_slab":3,"minecraft:music_disc_otherside":3,"minecraft:light_gray_terracotta":2,"minecraft:lime_concrete":1,"minecraft:yellow_wool":2,"minecraft:orange_concrete":6,"minecraft:polished_deepslate_slab":1,"minecraft:oak_planks":1,"minecraft:mangrove_door":3,"minecraft:oxidized_cut_copper_stairs":2,"minecraft:name_tag":9,"minecraft:light_gray_concrete":80,"minecraft:acacia_stairs":12,"bitsandchisels:blueprint":1,"minecraft:diamond_sword":1,"minecraft:sea_lantern":4,"minecraft:turtle_helmet":1,"minecraft:shroomlight":1,"minecraft:spruce_planks":2,"minecraft:netherite_block":3,"minecraft:glowstone":7,"minecraft:lingering_potion":1,"minecraft:quartz_stairs":1,"minecraft:chest":2,"minecraft:azalea":64,"minecraft:small_dripleaf":1,"minecraft:birch_sign":17,"minecraft:light_gray_dye":1,"minecraft:painting":1,"minecraft:beacon":2,"minecraft:cyan_concrete":1,"minecraft:glass":1,"bitsandchisels:bit_item":6631,"minecraft:light_blue_terracotta":1,"minecraft:green_concrete_powder":12,"minecraft:oak_leaves":2,"minecraft:axolotl_spawn_egg":1,"minecraft:written_book":2,"minecraft:polished_granite":1,"minecraft:splash_potion":1,"minecraft:brown_concrete":1,"minecraft:lectern":1},"minecraft:picked_up":{"minecraft:wooden_axe":11,"minecraft:turtle_helmet":1,"minecraft:yellow_wool":2,"minecraft:diamond_sword":1,"minecraft:polished_deepslate":1,"minecraft:moss_carpet":1,"minecraft:orange_concrete":2,"minecraft:music_disc_otherside":4,"minecraft:written_book":5,"minecraft:smooth_quartz":1,"minecraft:chest":1,"minecraft:stone":1,"minecraft:glow_item_frame":1,"minecraft:stone_button":1,"minecraft:redstone":1,"minecraft:stone_pressure_plate":1,"bitsandchisels:bit_item":41976,"minecraft:tropical_fish":41,"minecraft:iron_block":2,"minecraft:glowstone":1,"minecraft:netherite_chestplate":1,"bitsandchisels:wrench":26,"minecraft:polished_diorite_slab":1,"minecraft:green_concrete_powder":2,"minecraft:copper_block":1,"minecraft:beacon":1,"minecraft:brown_concrete":1,"bitsandchisels:bits_block":3760,"bitsandchisels:smart_chisel":19,"minecraft:name_tag":4,"minecraft:acacia_planks":1,"minecraft:stripped_oak_wood":1,"minecraft:cyan_concrete":1,"minecraft:green_dye":1,"minecraft:polished_andesite_stairs":1,"minecraft:yellow_concrete":7,"minecraft:black_stained_glass_pane":1,"minecraft:grass_block":2,"minecraft:light_blue_stained_glass":1,"minecraft:acacia_stairs":1,"minecraft:diamond_block":1,"minecraft:sea_lantern":2,"minecraft:netherite_block":1,"minecraft:polished_andesite":2,"minecraft:light_gray_concrete":24,"minecraft:light_gray_terracotta":2,"minecraft:light_blue_terracotta":1,"minecraft:black_concrete":69,"minecraft:lever":2,"minecraft:deepslate_gold_ore":1,"minecraft:birch_sign":17,"minecraft:white_concrete":17,"minecraft:chainmail_helmet":1,"minecraft:red_concrete":2,"minecraft:smooth_quartz_slab":1,"bitsandchisels:diamond_chisel":22},"minecraft:used":{"minecraft:azalea":13,"minecraft:moss_carpet":13,"minecraft:netherite_sword":41,"minecraft:iron_bars":13,"minecraft:writable_book":2,"minecraft:music_disc_otherside":5,"minecraft:polished_deepslate":90,"minecraft:orange_concrete":96,"minecraft:flint_and_steel":13,"minecraft:tropical_fish":1,"minecraft:smooth_quartz_slab":4,"minecraft:red_concrete":2,"minecraft:dispenser":7,"minecraft:redstone":1,"minecraft:oak_sign":1,"minecraft:light_blue_terracotta":1,"minecraft:spruce_planks":1,"minecraft:music_disc_5":1,"minecraft:axolotl_spawn_egg":10,"minecraft:chest":7,"minecraft:tinted_glass":1,"minecraft:white_terracotta":6,"minecraft:stone":100,"minecraft:brown_concrete":11,"minecraft:deepslate_gold_ore":9,"minecraft:quartz_stairs":66,"minecraft:grass":73,"minecraft:dirt":1,"minecraft:anvil":3,"minecraft:diamond_helmet":1,"minecraft:pink_terracotta":1,"minecraft:allay_spawn_egg":1,"minecraft:snowball":111,"minecraft:light_blue_stained_glass":1,"minecraft:nether_brick_stairs":19,"minecraft:polished_diorite":127,"minecraft:fern":12,"minecraft:dark_oak_planks":6,"minecraft:glass":72,"minecraft:shroomlight":2,"minecraft:packed_ice":1,"minecraft:wooden_axe":8,"minecraft:stone_brick_slab":138,"minecraft:stripped_dark_oak_wood":3,"minecraft:sea_lantern":58,"minecraft:flowering_azalea":1,"minecraft:cyan_terracotta":12,"minecraft:red_tulip":1,"minecraft:black_stained_glass_pane":29,"minecraft:waxed_cut_copper":1,"minecraft:grass_block":156,"minecraft:iron_block":563,"minecraft:polished_andesite_stairs":39,"minecraft:slime_block":1,"minecraft:quartz_block":28,"minecraft:dark_oak_leaves":2,"minecraft:smooth_quartz":101,"minecraft:item_frame":2,"minecraft:glowstone":21,"bitsandchisels:bits_block":9822,"minecraft:bow":35,"minecraft:lime_concrete":1,"minecraft:black_stained_glass":11,"minecraft:oak_sapling":6,"minecraft:oxidized_copper":59,"minecraft:written_book":12,"minecraft:oxidized_cut_copper_stairs":38,"minecraft:wolf_spawn_egg":5,"minecraft:furnace":1,"minecraft:white_stained_glass_pane":11,"minecraft:gold_block":10,"minecraft:polished_diorite_stairs":11,"minecraft:cooked_beef":1,"minecraft:stone_pressure_plate":4,"minecraft:acacia_planks":734,"minecraft:mangrove_leaves":3,"minecraft:damaged_anvil":4,"minecraft:spruce_door":12,"minecraft:pink_tulip":1,"minecraft:stripped_acacia_log":9,"minecraft:dropper":1,"minecraft:snow_block":1,"minecraft:polished_andesite":86,"minecraft:netherite_chestplate":1,"minecraft:oak_planks":3,"minecraft:polished_diorite_slab":769,"minecraft:copper_block":1,"minecraft:redstone_block":21,"minecraft:chainmail_helmet":3,"minecraft:beacon":29,"minecraft:glow_ink_sac":6,"minecraft:oak_leaves":7,"minecraft:glow_item_frame":1,"minecraft:dark_oak_trapdoor":26,"minecraft:diamond_block":296,"minecraft:polished_deepslate_slab":5,"minecraft:purpur_stairs":22,"minecraft:yellow_terracotta":1,"minecraft:birch_sign":108,"minecraft:smooth_red_sandstone":1,"minecraft:light_gray_terracotta":1,"minecraft:yellow_concrete":1100,"minecraft:netherite_helmet":1,"bitsandchisels:wrench":1764,"minecraft:campfire":1,"minecraft:oxidized_cut_copper_slab":18,"minecraft:gray_concrete":23,"minecraft:lingering_potion":59,"minecraft:painting":25,"minecraft:cobbled_deepslate_stairs":1,"minecraft:dark_oak_door":34,"bitsandchisels:bit_item":11407,"minecraft:sticky_piston":1,"minecraft:flower_pot":7,"minecraft:netherite_block":3,"minecraft:lever":6,"minecraft:acacia_stairs":61,"minecraft:black_concrete":491,"minecraft:mangrove_door":15,"minecraft:gray_stained_glass_pane":17,"minecraft:command_block":6,"minecraft:light_gray_concrete":1887,"minecraft:mangrove_propagule":3,"minecraft:stone_button":2,"minecraft:spruce_trapdoor":3,"minecraft:polished_granite":20,"minecraft:lectern":4,"bitsandchisels:blueprint":11,"minecraft:cyan_concrete":3,"minecraft:stripped_warped_hyphae":1,"minecraft:flowering_azalea_leaves":4,"minecraft:yellow_wool":4,"minecraft:golden_helmet":1,"minecraft:ocelot_spawn_egg":2,"minecraft:wooden_sword":5,"minecraft:azalea_leaves":3,"minecraft:stripped_oak_wood":2,"minecraft:turtle_helmet":1,"minecraft:jungle_door":3,"minecraft:green_concrete_powder":646,"minecraft:sea_pickle":1,"minecraft:waxed_cut_copper_stairs":4,"minecraft:goat_spawn_egg":1,"minecraft:white_concrete":2222,"minecraft:pillager_spawn_egg":51,"minecraft:splash_potion":105,"minecraft:jukebox":2,"minecraft:gray_stained_glass":11},"minecraft:killed":{"minecraft:allay":1,"minecraft:axolotl":18,"minecraft:ocelot":3}},"DataVersion":3105}