{"stats":{"minecraft:used":{"minecraft:mangrove_leaves":10,"minecraft:oak_fence":7,"minecraft:azalea":9,"minecraft:peony":5,"minecraft:oak_trapdoor":7,"minecraft:nether_brick_fence":24,"minecraft:moss_carpet":11,"minecraft:nether_brick_wall":1,"minecraft:end_rod":10,"minecraft:iron_bars":30,"minecraft:polished_deepslate":76,"minecraft:orange_concrete":52,"minecraft:dead_bush":2,"minecraft:snow_block":1,"minecraft:birch_leaves":2,"minecraft:smooth_quartz_slab":229,"minecraft:armor_stand":5,"minecraft:red_concrete":50,"minecraft:polished_andesite":124,"minecraft:oak_planks":26,"minecraft:oak_sign":2,"minecraft:polished_diorite_slab":321,"minecraft:tinted_glass":4,"minecraft:white_terracotta":1,"minecraft:black_shulker_box":21,"minecraft:stone":7,"minecraft:cauldron":6,"minecraft:composter":11,"minecraft:quartz_stairs":41,"minecraft:grass":22,"minecraft:spruce_leaves":5,"minecraft:oak_leaves":5,"minecraft:torch":9,"minecraft:glow_item_frame":2,"minecraft:jungle_wood":1,"minecraft:dirt":2,"minecraft:white_carpet":9,"minecraft:light_blue_concrete":37,"minecraft:oak_slab":53,"minecraft:loom":6,"minecraft:brick_slab":286,"minecraft:yellow_concrete":45,"minecraft:light_gray_terracotta":2,"minecraft:jungle_slab":18,"minecraft:crossbow":1,"bitsandchisels:wrench":525,"minecraft:pink_terracotta":7,"minecraft:gray_concrete":1,"minecraft:blue_concrete":36,"minecraft:music_disc_strad":1,"minecraft:dark_oak_door":3,"minecraft:polished_diorite":2,"minecraft:shroomlight":12,"bitsandchisels:bit_item":11649,"minecraft:glass":4,"minecraft:black_stained_glass_pane":24,"minecraft:stone_brick_slab":8,"minecraft:crimson_button":1,"minecraft:acacia_stairs":21,"minecraft:black_wool":3,"minecraft:sea_lantern":41,"minecraft:flowering_azalea":7,"minecraft:black_concrete":5,"minecraft:heavy_weighted_pressure_plate":15,"minecraft:bookshelf":80,"minecraft:quartz_slab":44,"minecraft:light_gray_stained_glass":1,"minecraft:acacia_sign":3,"minecraft:dark_oak_log":1,"minecraft:gray_stained_glass_pane":160,"minecraft:light_gray_concrete":1676,"minecraft:spruce_wood":1,"minecraft:iron_block":12,"minecraft:grass_block":79,"minecraft:oak_stairs":23,"minecraft:acacia_slab":10,"minecraft:quartz_block":11,"minecraft:polished_blackstone_brick_wall":1,"minecraft:red_terracotta":3,"minecraft:spruce_trapdoor":11,"bitsandchisels:blueprint":16,"minecraft:smooth_quartz":1801,"minecraft:iron_door":20,"minecraft:soul_lantern":28,"minecraft:barrel":29,"minecraft:flowering_azalea_leaves":59,"minecraft:yellow_concrete_powder":1,"minecraft:item_frame":24,"minecraft:bedrock":47,"minecraft:coal_block":10,"minecraft:purple_concrete":24,"minecraft:glowstone":32,"minecraft:azalea_leaves":12,"minecraft:waxed_cut_copper_slab":18,"minecraft:lime_concrete":54,"minecraft:bow":95,"minecraft:black_stained_glass":11,"minecraft:iron_trapdoor":43,"bitsandchisels:bits_block":6300,"minecraft:dark_oak_fence":3,"minecraft:white_stained_glass":2,"minecraft:green_concrete_powder":2,"minecraft:polished_diorite_stairs":33,"minecraft:chain":25,"minecraft:glass_pane":18,"minecraft:smooth_stone_slab":246,"minecraft:white_concrete":1736,"minecraft:acacia_planks":1920,"minecraft:observer":14,"minecraft:jukebox":4,"minecraft:cobweb":2,"minecraft:gray_stained_glass":13},"minecraft:picked_up":{"minecraft:music_disc_strad":2,"bitsandchisels:wrench":1,"minecraft:anvil":1,"bitsandchisels:bits_block":5045,"minecraft:heavy_weighted_pressure_plate":4,"minecraft:white_carpet":2,"minecraft:item_frame":1,"minecraft:acacia_planks":1,"minecraft:chest":1,"minecraft:flowering_azalea":3,"minecraft:stick":1,"minecraft:yellow_concrete":1,"minecraft:dandelion":1,"minecraft:music_disc_11":1,"minecraft:acacia_stairs":1,"minecraft:gray_stained_glass_pane":1,"minecraft:tnt":64,"minecraft:polished_andesite":1,"bitsandchisels:bit_item":13871,"minecraft:soul_lantern":21,"minecraft:lever":1,"minecraft:white_concrete":1,"minecraft:smooth_quartz_slab":1,"bitsandchisels:diamond_chisel":1},"minecraft:custom":{"minecraft:play_record":1,"minecraft:open_barrel":1,"minecraft:open_shulker_box":4,"minecraft:leave_game":51,"minecraft:time_since_death":2767833,"minecraft:climb_one_cm":538,"minecraft:time_since_rest":2769096,"minecraft:sprint_one_cm":912805,"minecraft:walk_one_cm":3456449,"minecraft:trigger_trapped_chest":1,"minecraft:drop":4,"minecraft:damage_dealt":20,"minecraft:fly_one_cm":9781410,"minecraft:open_chest":4,"minecraft:crouch_one_cm":407939,"minecraft:play_time":2769096,"minecraft:sneak_time":304087,"minecraft:jump":14485,"minecraft:total_world_time":2769096},"minecraft:dropped":{"minecraft:gray_stained_glass_pane":1,"minecraft:cobbled_deepslate":1,"bitsandchisels:diamond_chisel":1,"bitsandchisels:bits_block":1}},"DataVersion":3105}