{"stats":{"minecraft:picked_up":{"bitsandchisels:bits_block":2},"minecraft:custom":{"minecraft:jump":113,"minecraft:time_since_rest":67247,"minecraft:crouch_one_cm":2691,"minecraft:leave_game":9,"minecraft:play_time":67247,"minecraft:sprint_one_cm":28977,"minecraft:time_since_death":67247,"minecraft:walk_one_cm":29817,"minecraft:sneak_time":4341,"minecraft:total_world_time":67247,"minecraft:fly_one_cm":1011137},"minecraft:used":{"bitsandchisels:bit_item":82,"minecraft:light":6,"minecraft:stone":2,"minecraft:light_gray_concrete":36,"bitsandchisels:bits_block":48}},"DataVersion":3105}