{"stats":{"minecraft:crafted":{"minecraft:acacia_stairs":4},"minecraft:custom":{"minecraft:time_since_rest":35957,"minecraft:open_chest":2,"minecraft:play_time":66650,"minecraft:crouch_one_cm":616,"minecraft:sprint_one_cm":6215,"minecraft:deaths":1,"minecraft:walk_one_cm":24050,"minecraft:sneak_time":1080,"minecraft:walk_under_water_one_cm":538,"minecraft:jump":113,"minecraft:leave_game":3,"minecraft:time_since_death":35928,"minecraft:walk_on_water_one_cm":161,"minecraft:total_world_time":66650,"minecraft:interact_with_crafting_table":3,"minecraft:fly_one_cm":238878},"minecraft:used":{"bitsandchisels:bit_item":154,"minecraft:white_wool":1,"minecraft:acacia_stairs":1,"bitsandchisels:bits_block":11,"minecraft:birch_sign":2,"minecraft:white_concrete":1,"minecraft:acacia_planks":5},"minecraft:picked_up":{"bitsandchisels:wrench":1,"minecraft:leather_chestplate":1,"minecraft:leather_boots":1,"minecraft:acacia_planks":1,"minecraft:leather_leggings":1,"minecraft:birch_sign":1,"minecraft:white_concrete":1,"bitsandchisels:bits_block":15,"bitsandchisels:diamond_chisel":1,"minecraft:white_wool":1,"minecraft:leather_helmet":1}},"DataVersion":3105}