{"stats":{"minecraft:custom":{"minecraft:time_since_rest":1104097,"minecraft:sprint_one_cm":226005,"minecraft:walk_one_cm":844577,"minecraft:drop":4,"minecraft:tune_noteblock":8,"minecraft:fly_one_cm":4849789,"minecraft:crouch_one_cm":71339,"minecraft:play_time":1104097,"minecraft:sneak_time":109363,"minecraft:aviate_one_cm":571811,"minecraft:jump":966,"minecraft:leave_game":47,"minecraft:time_since_death":1104097,"minecraft:total_world_time":1104097},"minecraft:used":{"minecraft:calcite":13,"bitsandchisels:bit_item":1109,"minecraft:glass":1,"minecraft:lever":1,"minecraft:diorite":2,"minecraft:end_rod":6,"minecraft:black_concrete":1,"minecraft:iron_bars":1,"minecraft:firework_rocket":202,"minecraft:bricks":14,"minecraft:snow_block":6,"minecraft:armor_stand":7,"minecraft:melon":1,"minecraft:light_gray_concrete":10,"minecraft:iron_block":4,"minecraft:grass_block":352,"minecraft:red_concrete":516,"minecraft:quartz_block":1,"minecraft:warped_nylium":1,"minecraft:lime_concrete_powder":1,"minecraft:white_glazed_terracotta":4,"minecraft:cyan_concrete":436,"minecraft:red_terracotta":4,"minecraft:polished_granite":2,"minecraft:stone":19,"minecraft:smooth_quartz":19,"bitsandchisels:blueprint":8,"minecraft:bedrock":4,"minecraft:white_wool":3,"minecraft:stripped_warped_hyphae":2,"minecraft:dirt":5,"minecraft:sand":50,"minecraft:white_carpet":281,"minecraft:emerald_block":73,"minecraft:oxidized_copper":1,"bitsandchisels:bits_block":683,"minecraft:white_banner":2,"minecraft:dark_oak_fence":10,"minecraft:green_concrete_powder":330,"minecraft:chain":3,"bitsandchisels:wrench":195,"minecraft:chiseled_quartz_block":2,"minecraft:pink_terracotta":97,"minecraft:dark_oak_fence_gate":6,"minecraft:note_block":2,"minecraft:white_concrete":236,"minecraft:cyan_wool":1,"minecraft:sculk_vein":1,"minecraft:lightning_rod":8,"minecraft:mushroom_stem":5,"minecraft:cobweb":237},"minecraft:dropped":{"bitsandchisels:diamond_chisel":1,"minecraft:cyan_concrete":1},"minecraft:picked_up":{"bitsandchisels:bits_block":209,"bitsandchisels:smart_chisel":1,"minecraft:white_carpet":1,"bitsandchisels:bit_item":1200,"minecraft:cyan_concrete":1,"bitsandchisels:diamond_chisel":2}},"DataVersion":3105}