{"stats":{"minecraft:custom":{"minecraft:jump":124,"minecraft:time_since_rest":97114,"minecraft:crouch_one_cm":7641,"minecraft:leave_game":7,"minecraft:play_time":97114,"minecraft:sprint_one_cm":18911,"minecraft:time_since_death":97114,"minecraft:walk_one_cm":29809,"minecraft:sneak_time":5377,"minecraft:trigger_trapped_chest":12,"minecraft:total_world_time":97114,"minecraft:fly_one_cm":1004918},"minecraft:picked_up":{"bitsandchisels:bits_block":43},"minecraft:used":{"bitsandchisels:bit_item":62,"minecraft:polished_diorite_stairs":3,"bitsandchisels:wrench":7,"minecraft:polished_diorite_slab":10,"minecraft:trapped_chest":1,"minecraft:smooth_quartz":2,"bitsandchisels:blueprint":2,"minecraft:polished_diorite":1,"bitsandchisels:bits_block":40,"minecraft:grass_block":1}},"DataVersion":3105}