{"stats":{"minecraft:dropped":{"bitsandchisels:smart_chisel":1,"bitsandchisels:diamond_chisel":1},"minecraft:custom":{"minecraft:time_since_rest":100917,"minecraft:crouch_one_cm":39248,"minecraft:sprint_one_cm":25633,"minecraft:play_time":100917,"minecraft:walk_one_cm":80733,"minecraft:sneak_time":32391,"minecraft:walk_under_water_one_cm":2198,"minecraft:interact_with_anvil":1,"minecraft:drop":2,"minecraft:jump":220,"minecraft:leave_game":3,"minecraft:walk_on_water_one_cm":1375,"minecraft:time_since_death":100917,"minecraft:total_world_time":100917,"minecraft:fly_one_cm":703208},"minecraft:picked_up":{"bitsandchisels:bits_block":106,"bitsandchisels:smart_chisel":1,"bitsandchisels:diamond_chisel":1},"minecraft:used":{"bitsandchisels:bit_item":482,"minecraft:oak_leaves":5,"minecraft:gilded_blackstone":4,"minecraft:glass":2,"minecraft:dark_prismarine":3,"minecraft:glowstone":17,"minecraft:dirt":1,"minecraft:anvil":1,"minecraft:daylight_detector":2,"minecraft:white_carpet":1,"minecraft:grass_block":19,"bitsandchisels:bits_block":42,"bitsandchisels:wrench":24,"bitsandchisels:blueprint":9}},"DataVersion":3105}