{"stats":{"minecraft:dropped":{"minecraft:gray_stained_glass_pane":1,"minecraft:music_disc_chirp":1,"minecraft:coarse_dirt":2,"minecraft:music_disc_otherside":2,"minecraft:dripstone_block":1,"bitsandchisels:wrench":2,"minecraft:music_disc_5":1,"minecraft:music_disc_far":1,"minecraft:music_disc_pigstep":1,"minecraft:grass_block":5,"minecraft:music_disc_11":1,"minecraft:music_disc_13":1,"minecraft:polished_andesite":2,"minecraft:white_concrete":1,"minecraft:music_disc_mall":1,"bitsandchisels:smart_chisel":1,"bitsandchisels:bits_block":27,"minecraft:music_disc_strad":1,"minecraft:music_disc_ward":1,"minecraft:axolotl_bucket":1,"minecraft:music_disc_wait":1,"minecraft:music_disc_mellohi":1,"bitsandchisels:bit_item":392,"minecraft:ghast_tear":3,"minecraft:music_disc_stal":1,"minecraft:music_disc_cat":1,"minecraft:music_disc_blocks":1},"minecraft:custom":{"minecraft:mob_kills":1,"minecraft:play_record":31,"minecraft:tune_noteblock":18,"minecraft:open_shulker_box":6,"minecraft:leave_game":37,"minecraft:time_since_death":375150,"minecraft:time_since_rest":375224,"minecraft:sprint_one_cm":571898,"minecraft:damage_taken":248,"minecraft:walk_one_cm":653237,"minecraft:trigger_trapped_chest":1,"minecraft:drop":70,"minecraft:damage_dealt":30,"minecraft:swim_one_cm":9455,"minecraft:fly_one_cm":8254037,"minecraft:open_chest":13,"minecraft:crouch_one_cm":58868,"minecraft:play_time":1088916,"minecraft:deaths":3,"minecraft:sneak_time":112204,"minecraft:walk_under_water_one_cm":1777,"minecraft:boat_one_cm":3104,"minecraft:aviate_one_cm":390913,"minecraft:jump":4053,"minecraft:walk_on_water_one_cm":32491,"minecraft:total_world_time":1088916,"minecraft:fall_one_cm":629},"minecraft:used":{"minecraft:music_disc_far":1,"minecraft:netherite_sword":20,"minecraft:music_disc_otherside":3,"minecraft:flint_and_steel":2,"minecraft:orange_concrete":1,"minecraft:wither_skeleton_skull":19,"minecraft:polished_andesite":38,"minecraft:redstone":31,"minecraft:polished_diorite_slab":2,"minecraft:ender_pearl":2,"minecraft:music_disc_5":1,"minecraft:redstone_block":2,"minecraft:quartz_stairs":1,"minecraft:soul_sand":4,"minecraft:music_disc_cat":4,"minecraft:tnt":38,"minecraft:yellow_concrete":50,"bitsandchisels:wrench":153,"minecraft:white_bed":26,"minecraft:note_block":3,"minecraft:music_disc_11":4,"minecraft:music_disc_13":4,"minecraft:axolotl_bucket":2,"minecraft:blue_concrete":1,"minecraft:music_disc_strad":2,"minecraft:warden_spawn_egg":13,"minecraft:dark_oak_door":4,"minecraft:shroomlight":2,"bitsandchisels:bit_item":1961,"minecraft:sticky_piston":13,"minecraft:music_disc_mellohi":3,"minecraft:sea_lantern":2,"minecraft:ender_eye":12,"minecraft:light":15,"minecraft:acacia_stairs":20,"minecraft:firework_rocket":20,"minecraft:music_disc_pigstep":1,"minecraft:mangrove_door":8,"minecraft:music_disc_mall":1,"minecraft:gray_stained_glass_pane":56,"minecraft:light_gray_concrete":47,"minecraft:black_stained_glass_pane":3,"minecraft:grass_block":12,"minecraft:music_disc_ward":2,"minecraft:acacia_slab":8,"minecraft:quartz_block":1,"minecraft:music_disc_chirp":1,"bitsandchisels:blueprint":16,"minecraft:music_disc_wait":2,"minecraft:music_disc_blocks":1,"minecraft:yellow_wool":9,"minecraft:music_disc_stal":1,"minecraft:glowstone":19,"minecraft:tadpole_bucket":2,"minecraft:coal_block":16,"minecraft:pufferfish_bucket":3,"minecraft:orange_banner":3,"bitsandchisels:bits_block":2321,"minecraft:green_concrete_powder":10,"minecraft:end_portal_frame":15,"minecraft:tropical_fish_bucket":1,"minecraft:white_concrete":359,"minecraft:dragon_head":6,"minecraft:acacia_planks":125,"minecraft:observer":12,"minecraft:orange_terracotta":2,"minecraft:jukebox":22},"minecraft:mined":{"bitsandchisels:bits_block":1},"minecraft:killed":{"minecraft:ender_dragon":1},"minecraft:picked_up":{"minecraft:music_disc_5":1,"minecraft:music_disc_strad":1,"bitsandchisels:wrench":1,"minecraft:music_disc_stal":1,"bitsandchisels:bits_block":753,"minecraft:gunpowder":2,"bitsandchisels:smart_chisel":1,"minecraft:music_disc_cat":3,"minecraft:dirt":128,"minecraft:dark_oak_trapdoor":1,"minecraft:pufferfish":2,"minecraft:music_disc_otherside":3,"minecraft:music_disc_far":2,"minecraft:music_disc_chirp":2,"minecraft:dark_oak_door":1,"minecraft:ghast_tear":4,"minecraft:music_disc_blocks":1,"minecraft:music_disc_13":2,"minecraft:axolotl_bucket":1,"minecraft:music_disc_mellohi":2,"minecraft:dripstone_block":1,"minecraft:grass_block":5,"minecraft:music_disc_11":2,"minecraft:music_disc_pigstep":1,"minecraft:dead_bush":1,"minecraft:redstone":4,"minecraft:gray_stained_glass_pane":1,"minecraft:light_gray_concrete":15,"minecraft:music_disc_mall":1,"bitsandchisels:bit_item":9731,"minecraft:tropical_fish":2,"minecraft:music_disc_ward":2,"minecraft:bone_meal":1,"minecraft:white_concrete":2,"minecraft:music_disc_wait":1}},"DataVersion":3105}