{"stats":{"minecraft:custom":{"minecraft:time_since_rest":21311,"minecraft:crouch_one_cm":1162,"minecraft:leave_game":17,"minecraft:play_time":21311,"minecraft:sprint_one_cm":9516,"minecraft:time_since_death":21311,"minecraft:walk_one_cm":15310,"minecraft:sneak_time":1070,"minecraft:total_world_time":21311,"minecraft:drop":1,"minecraft:fly_one_cm":267087,"minecraft:jump":63},"minecraft:used":{"bitsandchisels:wrench":3,"minecraft:grass_block":1,"bitsandchisels:bits_block":8},"minecraft:picked_up":{"minecraft:spruce_planks":1,"bitsandchisels:bits_block":5},"minecraft:dropped":{"minecraft:spruce_planks":1}},"DataVersion":3105}