{"stats":{"minecraft:picked_up":{"minecraft:polished_diorite_slab":3,"minecraft:light_gray_concrete":2,"minecraft:firework_rocket":1,"bitsandchisels:bits_block":28,"bitsandchisels:iron_chisel":1,"bitsandchisels:smart_chisel":1,"bitsandchisels:diamond_chisel":6,"minecraft:elytra":1},"minecraft:dropped":{"bitsandchisels:iron_chisel":1,"minecraft:light_gray_concrete":2,"minecraft:polished_diorite_slab":3,"minecraft:elytra":1,"bitsandchisels:smart_chisel":1,"bitsandchisels:diamond_chisel":6,"minecraft:firework_rocket":1},"minecraft:custom":{"minecraft:open_chest":2,"minecraft:time_since_rest":202651,"minecraft:open_shulker_box":6,"minecraft:play_time":202651,"minecraft:crouch_one_cm":2862,"minecraft:sprint_one_cm":289181,"minecraft:walk_one_cm":43770,"minecraft:sneak_time":2379,"minecraft:trigger_trapped_chest":1,"minecraft:walk_under_water_one_cm":3238,"minecraft:drop":15,"minecraft:aviate_one_cm":1272474,"minecraft:jump":2097,"minecraft:leave_game":10,"minecraft:time_since_death":202651,"minecraft:walk_on_water_one_cm":1407,"minecraft:total_world_time":202651,"minecraft:swim_one_cm":248,"minecraft:fly_one_cm":1940274},"minecraft:used":{"minecraft:oak_leaves":2,"minecraft:flowering_azalea":1,"minecraft:dirt":1,"minecraft:firework_rocket":125,"minecraft:light_gray_concrete":1,"bitsandchisels:bits_block":22,"minecraft:polished_diorite_slab":4,"minecraft:chest":1,"minecraft:cyan_concrete":2,"minecraft:acacia_planks":1,"minecraft:light_blue_stained_glass":1,"bitsandchisels:bit_item":68}},"DataVersion":3105}