{"stats":{"minecraft:custom":{"minecraft:time_since_rest":1066,"minecraft:open_chest":18,"minecraft:crouch_one_cm":6113,"minecraft:sprint_one_cm":259665,"minecraft:play_time":199388,"minecraft:damage_taken":1110,"minecraft:deaths":1,"minecraft:walk_one_cm":1140768,"minecraft:sneak_time":3449,"minecraft:walk_under_water_one_cm":32,"minecraft:interact_with_anvil":9,"minecraft:drop":2,"minecraft:jump":1394,"minecraft:leave_game":11,"minecraft:walk_on_water_one_cm":354,"minecraft:time_since_death":1029,"minecraft:total_world_time":199388,"minecraft:fall_one_cm":11771,"minecraft:fly_one_cm":869424},"minecraft:picked_up":{"minecraft:magma_cream":2,"minecraft:pearlescent_froglight":1,"minecraft:glow_item_frame":2,"bitsandchisels:bits_block":35,"minecraft:dirt":1},"minecraft:used":{"bitsandchisels:bit_item":4,"minecraft:cookie":1,"minecraft:spyglass":26,"minecraft:writable_book":1,"minecraft:stone_brick_slab":1,"minecraft:black_concrete":1,"minecraft:armor_stand":39,"minecraft:light_gray_concrete":4,"minecraft:grass_block":4,"minecraft:brick_slab":1,"bitsandchisels:bits_block":92,"minecraft:green_concrete_powder":1,"minecraft:pink_shulker_box":1,"minecraft:pink_terracotta":1,"minecraft:blue_ice":9,"minecraft:white_glazed_terracotta":2,"minecraft:chest":1,"minecraft:white_terracotta":2,"minecraft:white_concrete":7,"minecraft:iron_door":1,"minecraft:player_head":1},"minecraft:dropped":{"minecraft:pearlescent_froglight":1,"bitsandchisels:diamond_chisel":1},"minecraft:mined":{"minecraft:dirt":1}},"DataVersion":3105}