{"stats":{"minecraft:custom":{"minecraft:time_since_rest":489055,"minecraft:damage_taken":550,"minecraft:sprint_one_cm":654328,"minecraft:walk_one_cm":1998928,"minecraft:interact_with_anvil":7,"minecraft:drop":2,"minecraft:damage_dealt":10,"minecraft:fly_one_cm":3885344,"minecraft:open_barrel":1,"minecraft:open_chest":117,"minecraft:open_shulker_box":1,"minecraft:crouch_one_cm":65374,"minecraft:play_time":776822,"minecraft:deaths":1,"minecraft:sneak_time":19511,"minecraft:jump":3069,"minecraft:leave_game":15,"minecraft:time_since_death":489006,"minecraft:total_world_time":1012148,"minecraft:damage_resisted":850,"minecraft:fall_one_cm":26127},"minecraft:used":{"bitsandchisels:bit_item":1,"minecraft:writable_book":25,"minecraft:lever":2,"minecraft:red_sand":1,"minecraft:villager_spawn_egg":1,"minecraft:command_block":2,"immersive_paintings:painting":8,"minecraft:light_gray_concrete":1,"minecraft:armor_stand":3,"minecraft:oak_planks":8,"minecraft:oak_sign":4,"minecraft:chest":8,"minecraft:polished_granite":19,"minecraft:iron_door":9,"minecraft:player_head":8,"minecraft:item_frame":5,"minecraft:oak_door":1,"minecraft:glow_item_frame":10,"minecraft:spyglass":41,"minecraft:anvil":3,"minecraft:written_book":1,"minecraft:magenta_terracotta":1,"minecraft:white_banner":5,"bitsandchisels:bits_block":11,"minecraft:pink_terracotta":1,"minecraft:white_concrete":4,"minecraft:acacia_planks":1,"minecraft:snowball":3},"minecraft:picked_up":{"minecraft:book":7,"minecraft:white_stained_glass_pane":10,"minecraft:clay_ball":11,"minecraft:chainmail_boots":1,"minecraft:magma_cream":24,"minecraft:iron_door":2,"minecraft:oak_door":1,"minecraft:glow_item_frame":77,"minecraft:spyglass":2,"minecraft:filled_map":10,"minecraft:warped_trapdoor":27,"minecraft:chainmail_chestplate":2,"minecraft:soul_torch":28,"bitsandchisels:bits_block":16,"minecraft:redstone":1,"minecraft:paper":9,"minecraft:white_banner":3,"minecraft:item_frame":30,"minecraft:armor_stand":1,"minecraft:oak_sign":4,"minecraft:diamond":2,"minecraft:lever":2,"minecraft:chainmail_leggings":1,"minecraft:red_dye":18,"minecraft:player_head":1,"minecraft:poppy":4,"minecraft:chest":1,"minecraft:pink_dye":22,"minecraft:snowball":7,"minecraft:nether_star":1,"immersive_paintings:painting":2},"minecraft:dropped":{"minecraft:paper":2}},"DataVersion":3105}