{"stats":{"minecraft:dropped":{"minecraft:paper":2},"minecraft:picked_up":{"minecraft:white_stained_glass_pane":8,"minecraft:magma_cream":14,"minecraft:glow_item_frame":63,"minecraft:spyglass":2,"minecraft:filled_map":10,"minecraft:warped_trapdoor":18,"minecraft:soul_torch":18,"bitsandchisels:bits_block":6,"minecraft:paper":2,"minecraft:item_frame":30,"minecraft:diamond":2,"minecraft:lever":2,"minecraft:red_dye":8,"minecraft:poppy":4,"minecraft:snowball":7,"minecraft:pink_dye":14,"minecraft:nether_star":1},"minecraft:custom":{"minecraft:time_since_rest":27949,"minecraft:sprint_one_cm":222217,"minecraft:damage_taken":80,"minecraft:walk_one_cm":505322,"minecraft:interact_with_anvil":6,"minecraft:drop":2,"minecraft:fly_one_cm":1796892,"minecraft:open_chest":74,"minecraft:crouch_one_cm":41720,"minecraft:play_time":315716,"minecraft:deaths":1,"minecraft:sneak_time":10261,"minecraft:jump":1285,"minecraft:leave_game":4,"minecraft:time_since_death":27900,"minecraft:total_world_time":320700,"minecraft:fall_one_cm":2343},"minecraft:used":{"minecraft:lever":2,"minecraft:writable_book":9,"minecraft:command_block":2,"minecraft:light_gray_concrete":1,"minecraft:armor_stand":3,"minecraft:chest":6,"minecraft:polished_granite":7,"minecraft:iron_door":2,"minecraft:player_head":4,"minecraft:item_frame":3,"minecraft:glow_item_frame":1,"minecraft:spyglass":9,"minecraft:anvil":1,"minecraft:magenta_terracotta":1,"bitsandchisels:bits_block":2,"minecraft:pink_terracotta":1,"minecraft:white_concrete":3}},"DataVersion":3105}