{"stats":{"minecraft:custom":{"minecraft:time_since_rest":456567,"minecraft:crouch_one_cm":66020,"minecraft:sprint_one_cm":30717,"minecraft:play_time":456567,"minecraft:sneak_time":54171,"minecraft:walk_one_cm":457852,"minecraft:jump":419,"minecraft:leave_game":20,"minecraft:time_since_death":456567,"minecraft:total_world_time":456567,"minecraft:fly_one_cm":1320930},"minecraft:picked_up":{"bitsandchisels:bit_item":29,"bitsandchisels:bits_block":439},"minecraft:used":{"bitsandchisels:bit_item":1215,"minecraft:stone_brick_slab":15,"minecraft:sea_lantern":1,"minecraft:black_concrete":4,"minecraft:iron_bars":1,"minecraft:oxidized_copper":351,"minecraft:light_gray_concrete":112,"bitsandchisels:bits_block":1313,"minecraft:iron_block":1,"minecraft:grass_block":276,"bitsandchisels:wrench":4,"minecraft:gray_concrete":15,"minecraft:white_concrete":31,"minecraft:stone":1,"minecraft:acacia_planks":1,"bitsandchisels:blueprint":3}},"DataVersion":3105}