{"stats":{"minecraft:custom":{"minecraft:time_since_rest":572820,"minecraft:sprint_one_cm":1093274,"minecraft:walk_one_cm":1044335,"minecraft:trigger_trapped_chest":1,"minecraft:drop":8,"minecraft:fly_one_cm":3676186,"minecraft:open_chest":4,"minecraft:crouch_one_cm":40732,"minecraft:play_time":703844,"minecraft:open_shulker_box":2,"minecraft:deaths":1,"minecraft:sneak_time":40825,"minecraft:walk_under_water_one_cm":341,"minecraft:jump":2934,"minecraft:leave_game":29,"minecraft:walk_on_water_one_cm":142,"minecraft:time_since_death":572794,"minecraft:interact_with_smoker":1,"minecraft:total_world_time":703844},"minecraft:dropped":{"bitsandchisels:smart_chisel":1,"bitsandchisels:wrench":1,"bitsandchisels:iron_chisel":1,"bitsandchisels:bits_block":1,"minecraft:dark_oak_pressure_plate":1,"bitsandchisels:bit_item":47467},"minecraft:picked_up":{"minecraft:black_stained_glass":1,"bitsandchisels:wrench":2,"bitsandchisels:bits_block":392,"bitsandchisels:iron_chisel":3,"bitsandchisels:smart_chisel":1,"minecraft:dark_oak_pressure_plate":1,"minecraft:lantern":1,"minecraft:gray_stained_glass_pane":1,"minecraft:light_gray_concrete":1,"bitsandchisels:bit_item":49983,"minecraft:tropical_fish":5,"minecraft:black_concrete":1,"minecraft:waxed_weathered_cut_copper_slab":1,"bitsandchisels:diamond_chisel":1},"minecraft:used":{"bitsandchisels:bit_item":1858,"minecraft:oak_trapdoor":2,"minecraft:glass":1,"minecraft:stone_brick_slab":2,"minecraft:dark_oak_stairs":18,"minecraft:acacia_stairs":8,"minecraft:black_concrete":15,"minecraft:stripped_dark_oak_wood":13,"minecraft:acacia_sign":2,"minecraft:lantern":9,"minecraft:quartz_slab":13,"minecraft:gray_stained_glass_pane":8,"minecraft:light_gray_concrete":189,"minecraft:smooth_quartz_slab":8,"minecraft:iron_block":1,"minecraft:grass_block":47,"minecraft:acacia_slab":16,"minecraft:light_gray_carpet":1,"minecraft:polished_diorite_slab":204,"minecraft:dark_oak_slab":2,"minecraft:tinted_glass":2,"minecraft:spruce_trapdoor":7,"minecraft:smooth_quartz":50,"minecraft:composter":3,"minecraft:cauldron":4,"minecraft:quartz_stairs":35,"minecraft:glow_ink_sac":2,"minecraft:soul_lantern":1,"minecraft:glow_item_frame":2,"minecraft:birch_trapdoor":15,"minecraft:glowstone":101,"minecraft:potion":22,"minecraft:iron_trapdoor":19,"minecraft:white_banner":1,"minecraft:oxidized_copper":2,"minecraft:waxed_weathered_cut_copper_slab":2,"bitsandchisels:bits_block":488,"minecraft:chain":2,"minecraft:oxidized_cut_copper_slab":3,"bitsandchisels:wrench":163,"minecraft:smooth_stone_slab":15,"minecraft:painting":3,"minecraft:white_concrete":84,"minecraft:acacia_planks":144,"minecraft:bone_meal":3,"minecraft:dark_oak_door":21}},"DataVersion":3105}