{"stats":{"minecraft:dropped":{"minecraft:turtle_helmet":1},"minecraft:custom":{"minecraft:time_since_rest":134425,"minecraft:crouch_one_cm":16269,"minecraft:sprint_one_cm":83431,"minecraft:play_time":134425,"minecraft:walk_one_cm":164083,"minecraft:sneak_time":8081,"minecraft:drop":1,"minecraft:jump":453,"minecraft:leave_game":3,"minecraft:time_since_death":134425,"minecraft:total_world_time":134425,"minecraft:fly_one_cm":710405},"minecraft:picked_up":{"minecraft:turtle_helmet":1,"bitsandchisels:bits_block":152},"minecraft:used":{"bitsandchisels:bit_item":587,"minecraft:shroomlight":1,"minecraft:torch":2,"minecraft:polished_deepslate_slab":3,"minecraft:acacia_stairs":1,"minecraft:spyglass":15,"minecraft:bow":8,"minecraft:light_gray_concrete":2,"bitsandchisels:bits_block":849,"minecraft:grass_block":4,"minecraft:red_concrete":1,"minecraft:polished_andesite":3,"minecraft:green_concrete_powder":1,"minecraft:stone_stairs":1,"bitsandchisels:wrench":54,"minecraft:pearlescent_froglight":1,"minecraft:calcite":1,"minecraft:purpur_pillar":2}},"DataVersion":3105}