{"stats":{"minecraft:used":{"minecraft:polished_deepslate_slab":129,"minecraft:light_gray_concrete":1,"minecraft:stripped_oak_wood":2,"bitsandchisels:bits_block":4,"minecraft:polished_diorite_stairs":246,"minecraft:polished_diorite_slab":574,"minecraft:trapped_chest":2,"minecraft:chest":1,"minecraft:cobbled_deepslate":14,"minecraft:polished_diorite":286},"minecraft:dropped":{"bitsandchisels:bits_block":4},"minecraft:picked_up":{"bitsandchisels:bits_block":40,"minecraft:paper":2},"minecraft:custom":{"minecraft:time_since_rest":206036,"minecraft:open_chest":1,"minecraft:crouch_one_cm":8117,"minecraft:sprint_one_cm":4011,"minecraft:play_time":206036,"minecraft:walk_one_cm":39614,"minecraft:sneak_time":14564,"minecraft:trigger_trapped_chest":2,"minecraft:drop":9,"minecraft:jump":132,"minecraft:leave_game":8,"minecraft:time_since_death":206036,"minecraft:total_world_time":206036,"minecraft:fly_one_cm":906487}},"DataVersion":3105}