{"stats":{"minecraft:killed":{"minecraft:salmon":1},"minecraft:dropped":{"minecraft:bubble_coral":2,"minecraft:gray_stained_glass_pane":1,"minecraft:copper_block":2,"bitsandchisels:diamond_chisel":1,"minecraft:oak_fence":3,"minecraft:light_gray_concrete":8,"minecraft:light_blue_concrete":1,"minecraft:acacia_stairs":2,"minecraft:salmon":6,"minecraft:grass_block":5,"minecraft:birch_fence_gate":1,"minecraft:end_rod":2,"minecraft:dirt":1,"minecraft:sea_lantern":1,"minecraft:stone":1,"minecraft:sea_pickle":1,"minecraft:sponge":2,"minecraft:black_stained_glass_pane":1,"minecraft:fire_coral_fan":2,"minecraft:horn_coral_fan":2,"minecraft:crimson_roots":1,"minecraft:wooden_axe":2,"minecraft:cod_bucket":1,"minecraft:white_concrete":4,"minecraft:fire_coral":1,"minecraft:horn_coral":2,"bitsandchisels:bits_block":45,"minecraft:bone_meal":3,"minecraft:brain_coral":1,"minecraft:glass":1,"minecraft:smooth_red_sandstone_stairs":1,"minecraft:tube_coral":2,"minecraft:black_concrete":1,"bitsandchisels:bit_item":10,"minecraft:dark_prismarine":1,"minecraft:bucket":1,"minecraft:acacia_planks":5,"minecraft:oxidized_copper":1,"minecraft:quartz_slab":1},"minecraft:custom":{"minecraft:mob_kills":2,"minecraft:leave_game":69,"minecraft:time_since_death":3186411,"minecraft:time_since_rest":3186411,"minecraft:sprint_one_cm":403614,"minecraft:walk_one_cm":4408618,"minecraft:drop":183,"minecraft:damage_dealt":70,"minecraft:swim_one_cm":16019,"minecraft:fly_one_cm":7866551,"minecraft:open_chest":19,"minecraft:crouch_one_cm":272861,"minecraft:play_time":3186411,"minecraft:sneak_time":281521,"minecraft:walk_under_water_one_cm":63816,"minecraft:jump":7215,"minecraft:walk_on_water_one_cm":58522,"minecraft:total_world_time":3186411},"minecraft:picked_up":{"minecraft:wooden_axe":1,"minecraft:sponge":2,"minecraft:light_blue_concrete":1,"minecraft:oxidized_copper":1,"minecraft:glow_ink_sac":3,"minecraft:salmon":18,"minecraft:copper_block":2,"bitsandchisels:bits_block":2099,"minecraft:horn_coral":1,"minecraft:dirt":1,"minecraft:cooked_salmon":1,"minecraft:glass":1,"minecraft:pufferfish":2,"minecraft:acacia_planks":4,"minecraft:sea_pickle":3,"minecraft:bucket":1,"minecraft:bubble_coral":2,"minecraft:brain_coral":1,"minecraft:stone":1,"minecraft:oak_fence":3,"minecraft:red_wool":1,"minecraft:birch_fence_gate":1,"minecraft:sand":1,"minecraft:ink_sac":1,"minecraft:grass_block":5,"minecraft:acacia_stairs":1,"minecraft:sea_lantern":1,"minecraft:dark_prismarine":1,"minecraft:gray_stained_glass_pane":1,"minecraft:light_gray_concrete":4,"minecraft:horn_coral_fan":2,"minecraft:tube_coral":2,"bitsandchisels:bit_item":11,"minecraft:tropical_fish":47,"minecraft:bone_meal":3,"minecraft:white_concrete":2,"minecraft:end_rod":3,"minecraft:fire_coral_fan":2,"minecraft:cod":3,"bitsandchisels:diamond_chisel":1,"minecraft:crimson_roots":1},"minecraft:used":{"minecraft:oak_fence":270,"minecraft:oak_trapdoor":2,"minecraft:quartz_bricks":11,"minecraft:water_bucket":160,"minecraft:end_rod":7,"minecraft:tube_coral_fan":3,"minecraft:iron_bars":12,"minecraft:light_gray_stained_glass_pane":2,"minecraft:red_concrete":1,"minecraft:red_sandstone_slab":2,"minecraft:prismarine":99,"minecraft:oak_planks":166,"minecraft:bubble_coral_fan":2,"minecraft:copper_block":18,"minecraft:white_concrete_powder":1,"minecraft:chest":1,"minecraft:spruce_planks":16,"minecraft:tinted_glass":59,"minecraft:stone":40,"minecraft:redstone_block":7,"minecraft:quartz_stairs":117,"minecraft:bubble_coral":8,"minecraft:tube_coral":9,"minecraft:waxed_copper_block":2,"minecraft:smooth_quartz_stairs":130,"minecraft:cut_copper_stairs":3,"minecraft:debug_stick":557,"minecraft:brain_coral":5,"minecraft:dirt":18,"minecraft:sand":159,"minecraft:light_blue_concrete":13,"minecraft:prismarine_bricks":205,"minecraft:stone_stairs":21,"minecraft:prismarine_brick_stairs":19,"bitsandchisels:wrench":604,"minecraft:cod_bucket":3,"minecraft:pink_terracotta":3,"minecraft:sponge":91,"minecraft:fire_coral":14,"minecraft:salmon_bucket":26,"minecraft:tuff":1,"minecraft:granite":7,"minecraft:squid_spawn_egg":2,"minecraft:milk_bucket":1,"minecraft:red_sandstone_stairs":52,"minecraft:glow_squid_spawn_egg":6,"bitsandchisels:bit_item":6123,"minecraft:redstone_torch":6,"minecraft:oak_log":35,"minecraft:piston":1,"minecraft:sticky_piston":1,"minecraft:glass":26,"minecraft:dark_prismarine":32,"minecraft:netherite_block":24,"minecraft:sea_lantern":38,"minecraft:acacia_stairs":995,"minecraft:black_wool":25,"minecraft:lava_bucket":2,"minecraft:birch_fence_gate":2,"minecraft:quartz_slab":168,"minecraft:gray_stained_glass_pane":22,"minecraft:light_gray_concrete":2454,"minecraft:black_stained_glass_pane":304,"minecraft:grass_block":189,"minecraft:acacia_slab":76,"minecraft:polished_andesite_stairs":14,"minecraft:smooth_quartz":67,"minecraft:tropical_fish_spawn_egg":49,"minecraft:polished_granite":4,"minecraft:cyan_concrete":1,"bitsandchisels:blueprint":392,"minecraft:coal_block":9,"minecraft:dolphin_spawn_egg":4,"minecraft:horn_coral":5,"minecraft:black_stained_glass":6,"minecraft:pufferfish_bucket":6,"minecraft:oxidized_copper":4,"bitsandchisels:bits_block":3504,"minecraft:tropical_fish_bucket":64,"minecraft:green_concrete_powder":7,"minecraft:sea_pickle":60,"minecraft:chain":12,"minecraft:bucket":6,"minecraft:white_concrete":2018,"minecraft:polished_blackstone_button":2,"minecraft:fire_coral_fan":5,"minecraft:acacia_planks":1353,"minecraft:horn_coral_fan":11,"minecraft:splash_potion":4,"minecraft:bone_meal":43,"minecraft:gray_stained_glass":2,"minecraft:turtle_spawn_egg":2}},"DataVersion":3105}