{"stats":{"minecraft:custom":{"minecraft:jump":142,"minecraft:time_since_rest":19180,"minecraft:crouch_one_cm":1770,"minecraft:leave_game":1,"minecraft:play_time":19180,"minecraft:damage_taken":180,"minecraft:time_since_death":19180,"minecraft:walk_one_cm":27829,"minecraft:sneak_time":2279,"minecraft:total_world_time":19180,"minecraft:drop":3,"minecraft:fall_one_cm":2028,"minecraft:fly_one_cm":573475},"minecraft:used":{"minecraft:acacia_slab":1,"minecraft:acacia_stairs":17,"minecraft:dirt":1,"minecraft:grass_block":3},"minecraft:dropped":{"chiselsandbits:block_bit":3}},"DataVersion":2975}