{"stats":{"minecraft:used":{"minecraft:shroomlight":1,"bitsandchisels:bit_item":439,"minecraft:damaged_anvil":1,"minecraft:black_concrete":24,"minecraft:music_disc_otherside":1,"minecraft:mangrove_door":4,"minecraft:red_concrete":2,"minecraft:light_gray_stained_glass_pane":4,"minecraft:gray_stained_glass_pane":5,"minecraft:light_gray_concrete":452,"minecraft:black_stained_glass_pane":16,"minecraft:grass_block":640,"minecraft:polished_diorite_slab":42,"minecraft:redstone_block":37,"minecraft:soul_sand":4,"minecraft:snow":6,"minecraft:potion":1,"minecraft:white_carpet":6,"minecraft:soul_soil":8,"minecraft:oxidized_copper":1,"bitsandchisels:bits_block":114,"minecraft:yellow_concrete":14,"minecraft:white_concrete":629,"minecraft:acacia_planks":5,"minecraft:dark_oak_door":5},"minecraft:picked_up":{"bitsandchisels:bits_block":72,"minecraft:golden_boots":1,"bitsandchisels:bit_item":72236,"minecraft:black_concrete":1,"minecraft:music_disc_otherside":1,"minecraft:deepslate_redstone_ore":1,"minecraft:totem_of_undying":8,"minecraft:wooden_axe":1},"minecraft:custom":{"minecraft:time_since_rest":547111,"minecraft:sprint_one_cm":338912,"minecraft:walk_one_cm":346262,"minecraft:interact_with_anvil":1,"minecraft:drop":4,"minecraft:play_record":1,"minecraft:fly_one_cm":8774199,"minecraft:open_chest":2,"minecraft:crouch_one_cm":5121,"minecraft:play_time":583582,"minecraft:open_shulker_box":7,"minecraft:deaths":1,"minecraft:sneak_time":30934,"minecraft:walk_under_water_one_cm":4088,"minecraft:jump":2011,"minecraft:leave_game":43,"minecraft:walk_on_water_one_cm":4779,"minecraft:time_since_death":547085,"minecraft:total_world_time":583582},"minecraft:dropped":{"minecraft:golden_boots":1,"minecraft:deepslate_redstone_ore":1,"bitsandchisels:bits_block":1,"minecraft:black_concrete":1}},"DataVersion":3105}