{"stats":{"minecraft:custom":{"minecraft:jump":32,"minecraft:time_since_rest":16485,"minecraft:crouch_one_cm":885,"minecraft:leave_game":3,"minecraft:play_time":16485,"minecraft:sprint_one_cm":5050,"minecraft:time_since_death":16485,"minecraft:walk_one_cm":27378,"minecraft:sneak_time":740,"minecraft:total_world_time":16485,"minecraft:drop":1,"minecraft:fly_one_cm":216001},"minecraft:used":{"bitsandchisels:bit_item":9,"minecraft:sand":35,"minecraft:iron_block":1},"minecraft:picked_up":{"bitsandchisels:bits_block":36},"minecraft:dropped":{"bitsandchisels:bits_block":1}},"DataVersion":3105}