{"stats":{"minecraft:used":{"minecraft:water_bucket":80,"minecraft:spruce_door":8,"minecraft:orange_concrete":5,"minecraft:birch_planks":2,"minecraft:red_concrete":40,"minecraft:birch_leaves":12,"minecraft:polished_andesite":7,"minecraft:oak_planks":2,"minecraft:oak_sign":16,"minecraft:polished_diorite_slab":693,"minecraft:spruce_planks":6,"minecraft:stone":56,"minecraft:oak_leaves":153,"minecraft:smooth_quartz_stairs":4,"minecraft:torch":2,"minecraft:diamond_block":56,"minecraft:dirt":26,"minecraft:sand":33,"minecraft:yellow_terracotta":1,"minecraft:light_blue_concrete":61,"minecraft:oak_slab":12,"minecraft:stone_stairs":2,"bitsandchisels:wrench":351,"minecraft:stone_brick_wall":31,"minecraft:warped_planks":45,"minecraft:oak_fence_gate":1,"minecraft:polished_diorite":66,"bitsandchisels:bit_item":5249,"minecraft:shroomlight":157,"minecraft:oak_log":10,"minecraft:glass":51,"minecraft:stone_brick_slab":59,"minecraft:dark_oak_planks":1,"minecraft:green_concrete":6,"minecraft:sea_lantern":10,"minecraft:black_concrete":162,"minecraft:light_gray_concrete":667,"minecraft:gray_stained_glass_pane":14,"minecraft:quartz_slab":36,"minecraft:birch_slab":820,"minecraft:black_stained_glass_pane":34,"minecraft:grass_block":297,"minecraft:acacia_slab":3,"minecraft:polished_andesite_stairs":8,"minecraft:quartz_block":2,"minecraft:polished_granite":1,"minecraft:spruce_trapdoor":4,"minecraft:smooth_quartz":359,"minecraft:birch_trapdoor":1,"minecraft:glowstone":3,"minecraft:oak_sapling":1,"bitsandchisels:bits_block":2888,"minecraft:green_concrete_powder":5,"minecraft:polished_diorite_stairs":443,"minecraft:gold_block":1,"minecraft:smooth_stone_slab":1224,"minecraft:white_concrete":846,"minecraft:acacia_planks":773,"minecraft:orange_terracotta":469,"minecraft:smooth_stone":145,"minecraft:bone_meal":4,"minecraft:cobweb":51},"minecraft:picked_up":{"bitsandchisels:wrench":1,"minecraft:birch_slab":1,"bitsandchisels:bits_block":2235,"bitsandchisels:smart_chisel":1,"minecraft:wheat_seeds":1,"minecraft:smooth_quartz":1,"minecraft:stick":1,"minecraft:gray_stained_glass_pane":1,"bitsandchisels:bit_item":14148,"minecraft:white_concrete":1,"minecraft:oak_sapling":2},"minecraft:custom":{"minecraft:open_shulker_box":2,"minecraft:leave_game":57,"minecraft:time_since_death":823425,"minecraft:time_since_rest":824362,"minecraft:sprint_one_cm":1136349,"minecraft:walk_one_cm":1564471,"minecraft:drop":25,"minecraft:swim_one_cm":2117,"minecraft:fly_one_cm":22043350,"minecraft:open_chest":1,"minecraft:crouch_one_cm":239083,"minecraft:play_time":2595603,"minecraft:deaths":3,"minecraft:sneak_time":251823,"minecraft:walk_under_water_one_cm":2548,"minecraft:jump":8639,"minecraft:walk_on_water_one_cm":7842,"minecraft:total_world_time":2595603},"minecraft:dropped":{"bitsandchisels:diamond_chisel":1,"bitsandchisels:wrench":1,"minecraft:birch_slab":1,"minecraft:smooth_quartz":1,"bitsandchisels:smart_chisel":2,"bitsandchisels:bits_block":26,"bitsandchisels:bit_item":2}},"DataVersion":3105}