{"stats":{"minecraft:dropped":{"minecraft:wooden_axe":1},"minecraft:used":{"bitsandchisels:bit_item":1422,"minecraft:azalea":1,"minecraft:glass":1,"minecraft:stone_brick_slab":93,"minecraft:sea_lantern":5,"minecraft:black_concrete":45,"minecraft:command_block":3,"minecraft:light_gray_concrete":42,"minecraft:black_stained_glass_pane":5,"minecraft:grass_block":112,"minecraft:red_concrete":62,"minecraft:stone_button":2,"minecraft:oak_sign":2,"minecraft:tinted_glass":2,"minecraft:stone":23,"minecraft:smooth_quartz":227,"bitsandchisels:blueprint":6,"minecraft:stone_bricks":31,"minecraft:smooth_quartz_stairs":29,"minecraft:diamond_block":47,"minecraft:anvil":1,"minecraft:black_stained_glass":4,"minecraft:light_blue_concrete":35,"bitsandchisels:bits_block":259,"minecraft:green_concrete_powder":4,"bitsandchisels:wrench":104,"minecraft:trapped_chest":2,"minecraft:white_concrete":3},"minecraft:picked_up":{"minecraft:wooden_axe":2,"minecraft:stick":2,"minecraft:green_concrete_powder":1,"minecraft:stone_button":1,"bitsandchisels:bits_block":321,"minecraft:diamond_block":1,"minecraft:dirt":1,"minecraft:command_block":1,"minecraft:oak_sign":1,"minecraft:black_concrete":1,"minecraft:oak_sapling":2,"minecraft:red_concrete":1},"minecraft:custom":{"minecraft:time_since_rest":184599,"minecraft:sprint_one_cm":136408,"minecraft:walk_one_cm":199341,"minecraft:trigger_trapped_chest":1,"minecraft:drop":1,"minecraft:fly_one_cm":2725822,"minecraft:crouch_one_cm":38315,"minecraft:play_time":242730,"minecraft:deaths":2,"minecraft:sneak_time":41389,"minecraft:jump":780,"minecraft:leave_game":10,"minecraft:time_since_death":184565,"minecraft:total_world_time":316548}},"DataVersion":3105}