{"stats":{"minecraft:custom":{"minecraft:time_since_rest":535774,"minecraft:sprint_one_cm":774531,"minecraft:damage_taken":318,"minecraft:walk_one_cm":1978674,"minecraft:drop":7,"minecraft:damage_dealt":10,"minecraft:play_record":1,"minecraft:fly_one_cm":3727682,"minecraft:open_chest":2,"minecraft:crouch_one_cm":191642,"minecraft:play_time":1241586,"minecraft:deaths":2,"minecraft:sneak_time":238396,"minecraft:jump":4601,"minecraft:leave_game":43,"minecraft:walk_on_water_one_cm":368,"minecraft:time_since_death":535727,"minecraft:total_world_time":1241586,"minecraft:fall_one_cm":995},"minecraft:dropped":{"bitsandchisels:diamond_chisel":1,"bitsandchisels:bits_block":8},"minecraft:picked_up":{"minecraft:netherite_boots":1,"minecraft:music_disc_strad":1,"minecraft:music_disc_13":3,"minecraft:music_disc_mellohi":1,"minecraft:music_disc_stal":1,"minecraft:music_disc_11":2,"bitsandchisels:bits_block":940,"minecraft:netherite_leggings":1,"minecraft:spruce_door":1,"bitsandchisels:bit_item":692,"minecraft:netherite_helmet":1,"minecraft:music_disc_ward":1,"minecraft:light_blue_carpet":1,"minecraft:music_disc_otherside":1,"minecraft:netherite_chestplate":1,"minecraft:music_disc_wait":1,"bitsandchisels:diamond_chisel":1},"minecraft:used":{"bitsandchisels:bit_item":6530,"minecraft:stone_brick_slab":5,"minecraft:red_sand":2,"minecraft:music_disc_otherside":1,"minecraft:spruce_door":8,"minecraft:light_gray_concrete":303,"minecraft:iron_block":1,"minecraft:grass_block":9,"minecraft:oak_planks":13,"minecraft:oak_sign":1,"minecraft:smooth_sandstone":46,"minecraft:quartz_block":1,"minecraft:polished_diorite_slab":302,"minecraft:stone":1,"minecraft:spruce_trapdoor":15,"minecraft:dirt":26,"minecraft:azalea_leaves":1,"bitsandchisels:bits_block":1042,"minecraft:jungle_planks":2,"minecraft:yellow_concrete":20,"bitsandchisels:wrench":239,"minecraft:pink_terracotta":1,"minecraft:white_concrete":128,"minecraft:acacia_planks":63,"minecraft:polished_diorite":113}},"DataVersion":3105}