{"stats":{"minecraft:custom":{"minecraft:open_shulker_box":1,"minecraft:leave_game":16,"minecraft:time_since_death":1061143,"minecraft:time_since_rest":1061143,"minecraft:sprint_one_cm":155161,"minecraft:damage_taken":60,"minecraft:walk_one_cm":1520112,"minecraft:trigger_trapped_chest":1,"minecraft:drop":21,"minecraft:fly_one_cm":4584644,"minecraft:open_chest":4,"minecraft:crouch_one_cm":113628,"minecraft:play_time":1061143,"minecraft:sneak_time":116324,"minecraft:jump":4526,"minecraft:total_world_time":1061143,"minecraft:fall_one_cm":3023},"minecraft:dropped":{"minecraft:moss_block":1,"bitsandchisels:diamond_chisel":3,"bitsandchisels:wrench":2,"minecraft:azalea_leaves":64,"minecraft:lime_glazed_terracotta":1,"minecraft:wooden_axe":1,"bitsandchisels:smart_chisel":2,"bitsandchisels:bits_block":6,"minecraft:green_glazed_terracotta":1,"bitsandchisels:bit_item":2701,"minecraft:flowering_azalea_leaves":1},"minecraft:picked_up":{"minecraft:wooden_axe":1,"bitsandchisels:wrench":2,"bitsandchisels:bits_block":418,"bitsandchisels:smart_chisel":2,"minecraft:heavy_weighted_pressure_plate":2,"minecraft:azalea_leaves":64,"minecraft:moss_block":1,"minecraft:lime_glazed_terracotta":1,"minecraft:green_glazed_terracotta":1,"minecraft:flowering_azalea_leaves":1,"bitsandchisels:bit_item":2700,"bitsandchisels:diamond_chisel":3},"minecraft:used":{"minecraft:light_blue_carpet":16,"minecraft:light_blue_stained_glass_pane":128,"minecraft:jungle_leaves":56,"minecraft:light_blue_shulker_box":1,"minecraft:light_blue_glazed_terracotta":12,"minecraft:pink_glazed_terracotta":15,"minecraft:snow_block":259,"minecraft:smooth_quartz_slab":6,"minecraft:yellow_shulker_box":4,"minecraft:lime_wool":224,"minecraft:stripped_warped_stem":106,"minecraft:ender_pearl":7,"minecraft:white_terracotta":3,"minecraft:stone":2,"minecraft:quartz_stairs":62,"minecraft:glow_ink_sac":2,"minecraft:structure_block":23,"minecraft:white_wool":43,"minecraft:green_glazed_terracotta":22,"minecraft:jungle_wood":1501,"minecraft:dirt":12,"minecraft:blue_stained_glass":22,"minecraft:light_blue_wool":9,"minecraft:birch_sign":2,"minecraft:orange_wool":1,"bitsandchisels:wrench":308,"minecraft:pink_terracotta":33,"minecraft:pink_carpet":6,"minecraft:light_blue_stained_glass":679,"minecraft:polished_diorite":12,"bitsandchisels:bit_item":4360,"minecraft:oak_log":7,"minecraft:jungle_sapling":2,"minecraft:stone_brick_slab":1,"minecraft:red_shulker_box":1,"minecraft:netherite_block":1,"minecraft:blue_glazed_terracotta":39,"minecraft:black_wool":154,"minecraft:sea_lantern":132,"minecraft:black_concrete":73,"minecraft:light_gray_concrete":34,"minecraft:quartz_pillar":19,"minecraft:gray_stained_glass_pane":5,"minecraft:lime_carpet":4,"minecraft:command_block":7,"minecraft:quartz_slab":60,"minecraft:heavy_weighted_pressure_plate":9,"minecraft:iron_block":4,"minecraft:grass_block":57,"minecraft:slime_block":37,"minecraft:verdant_froglight":135,"minecraft:green_wool":1,"minecraft:white_glazed_terracotta":13,"bitsandchisels:blueprint":1,"minecraft:smooth_quartz":1,"minecraft:pink_wool":45,"minecraft:pink_stained_glass_pane":125,"minecraft:flowering_azalea_leaves":214,"minecraft:stone_bricks":1,"minecraft:yellow_wool":2,"minecraft:lime_concrete":30,"minecraft:snow":28,"minecraft:azalea_leaves":3864,"minecraft:hay_block":4,"minecraft:yellow_glazed_terracotta":13,"bitsandchisels:bits_block":922,"minecraft:white_stained_glass":78,"minecraft:green_concrete_powder":9,"minecraft:pink_stained_glass":1087,"minecraft:smooth_stone_slab":14,"minecraft:white_concrete":37,"minecraft:pearlescent_froglight":2,"minecraft:acacia_planks":17,"minecraft:green_stained_glass_pane":1,"minecraft:bone_meal":9,"minecraft:splash_potion":6,"minecraft:lime_glazed_terracotta":22}},"DataVersion":3105}