{"stats":{"minecraft:killed":{"minecraft:ghast":4},"minecraft:custom":{"minecraft:interact_with_smithing_table":2,"minecraft:mob_kills":4,"minecraft:interact_with_crafting_table":1,"minecraft:open_barrel":2,"minecraft:open_shulker_box":33,"minecraft:leave_game":72,"minecraft:time_since_death":168052,"minecraft:climb_one_cm":140,"minecraft:damage_resisted":350,"minecraft:sprint_one_cm":1929282,"minecraft:walk_one_cm":4348022,"minecraft:drop":36,"minecraft:play_time":3656099,"minecraft:sneak_time":699873,"minecraft:deaths":3,"minecraft:boat_one_cm":596,"minecraft:jump":12410,"minecraft:walk_on_water_one_cm":3183,"minecraft:total_world_time":3656099,"minecraft:play_record":3,"minecraft:pot_flower":12,"minecraft:time_since_rest":168179,"minecraft:trigger_trapped_chest":1,"minecraft:damage_dealt":725,"minecraft:interact_with_beacon":2,"minecraft:fly_one_cm":27036551,"minecraft:player_kills":1,"minecraft:open_chest":7,"minecraft:crouch_one_cm":847873,"minecraft:interact_with_smoker":1,"minecraft:fall_one_cm":4060},"minecraft:dropped":{"minecraft:gray_stained_glass_pane":1,"bitsandchisels:diamond_chisel":2,"minecraft:netherite_chestplate":1,"bitsandchisels:wrench":1,"minecraft:netherite_helmet":1,"minecraft:chainmail_helmet":2,"minecraft:iron_block":1,"minecraft:stone_button":2,"minecraft:wooden_axe":1,"bitsandchisels:smart_chisel":1,"minecraft:netherite_boots":1,"bitsandchisels:iron_chisel":1,"bitsandchisels:bits_block":27,"minecraft:black_concrete":1,"minecraft:anvil":1,"minecraft:light_gray_concrete":1,"minecraft:netherite_leggings":1,"minecraft:birch_sign":1,"bitsandchisels:bit_item":41181},"minecraft:picked_up":{"minecraft:wooden_axe":1,"minecraft:music_disc_5":1,"minecraft:music_disc_strad":1,"minecraft:anvil":2,"minecraft:music_disc_cat":5,"minecraft:dark_oak_trapdoor":1,"minecraft:wooden_sword":1,"minecraft:flint_and_steel":1,"minecraft:item_frame":2,"minecraft:pufferfish":1,"minecraft:oak_sign":6,"minecraft:dark_oak_leaves":1,"minecraft:bucket":2,"minecraft:music_disc_otherside":2,"minecraft:azalea":8,"minecraft:dark_oak_door":8,"minecraft:stick":1,"minecraft:music_disc_blocks":2,"minecraft:music_disc_mellohi":3,"minecraft:stone_button":1,"minecraft:music_disc_11":1,"minecraft:music_disc_pigstep":1,"minecraft:warden_spawn_egg":53,"minecraft:goat_horn":2,"minecraft:gray_stained_glass_pane":1,"minecraft:tnt":65,"bitsandchisels:bit_item":49744,"minecraft:tropical_fish":1,"minecraft:music_disc_ward":1,"minecraft:iron_block":1,"minecraft:white_shulker_box":2,"minecraft:music_disc_wait":2,"bitsandchisels:wrench":3,"minecraft:green_concrete_powder":2,"minecraft:music_disc_stal":1,"bitsandchisels:bits_block":6287,"minecraft:wither_skeleton_skull":48,"minecraft:gunpowder":2,"bitsandchisels:smart_chisel":2,"minecraft:dirt":128,"minecraft:wheat_seeds":1,"minecraft:music_disc_far":1,"minecraft:music_disc_chirp":1,"minecraft:ghast_tear":2,"minecraft:scaffolding":11,"minecraft:music_disc_13":2,"minecraft:light_blue_shulker_box":1,"minecraft:dead_bush":1,"minecraft:netherite_block":1,"minecraft:light_gray_concrete":2,"minecraft:music_disc_mall":2,"minecraft:black_concrete":1,"minecraft:soul_lantern":3,"minecraft:lever":1,"minecraft:light_blue_carpet":2,"minecraft:birch_sign":9,"minecraft:bone_meal":1,"minecraft:chainmail_helmet":2,"minecraft:smooth_quartz_slab":1,"bitsandchisels:diamond_chisel":4},"minecraft:used":{"minecraft:azalea":32,"minecraft:oak_fence":4,"minecraft:stripped_acacia_wood":41,"minecraft:netherite_sword":8,"minecraft:enchanting_table":2,"minecraft:music_disc_otherside":1,"minecraft:polished_deepslate":14,"minecraft:flint_and_steel":264,"minecraft:orange_concrete":97,"minecraft:dead_bush":11,"minecraft:red_concrete":124,"minecraft:redstone":1,"minecraft:ladder":8,"minecraft:oak_sign":28,"minecraft:stone":8,"minecraft:white_shulker_box":30,"minecraft:quartz_stairs":2,"minecraft:dirt":200,"minecraft:anvil":4,"minecraft:prismarine_bricks":3,"minecraft:jungle_planks":14,"minecraft:spruce_stairs":20,"minecraft:pink_terracotta":4,"minecraft:music_disc_11":1,"minecraft:beehive":23,"minecraft:snowball":55,"minecraft:spruce_fence":11,"minecraft:cyan_wool":245,"minecraft:light_blue_stained_glass":32,"minecraft:blue_concrete":89,"minecraft:polished_diorite":1,"minecraft:shroomlight":27,"minecraft:music_disc_mellohi":1,"minecraft:glass":5,"minecraft:stone_brick_slab":20,"minecraft:sea_lantern":43,"minecraft:stripped_dark_oak_wood":1,"minecraft:bookshelf":47,"minecraft:cyan_shulker_box":9,"minecraft:red_wool":3,"minecraft:black_stained_glass_pane":18,"minecraft:lantern":5,"minecraft:grass_block":292,"minecraft:polished_andesite_stairs":7,"minecraft:smooth_quartz":324,"minecraft:barrel":24,"minecraft:item_frame":12,"minecraft:light_gray_wool":27,"minecraft:birch_trapdoor":12,"minecraft:purple_concrete":37,"minecraft:glowstone":20,"minecraft:repeater":2,"minecraft:lime_concrete":66,"minecraft:black_stained_glass":6,"minecraft:scaffolding":38,"minecraft:iron_trapdoor":3,"bitsandchisels:bits_block":13258,"minecraft:furnace":2,"minecraft:polished_diorite_stairs":137,"minecraft:acacia_planks":538,"minecraft:observer":59,"minecraft:turtle_egg":12,"minecraft:pumpkin":1,"minecraft:mangrove_leaves":6,"minecraft:light_blue_shulker_box":1,"minecraft:end_rod":3,"minecraft:spruce_door":7,"minecraft:birch_leaves":10,"minecraft:polished_andesite":4,"minecraft:blue_wool":10,"minecraft:polished_diorite_slab":926,"minecraft:redstone_block":5,"minecraft:composter":8,"minecraft:beacon":5,"minecraft:gold_ore":1,"minecraft:oak_leaves":7,"minecraft:white_wool":29,"minecraft:dark_oak_trapdoor":23,"minecraft:diamond_block":3,"minecraft:mangrove_trapdoor":1,"minecraft:yellow_terracotta":1,"minecraft:comparator":5,"minecraft:light_blue_concrete":71,"minecraft:tnt":2,"minecraft:crafting_table":1,"minecraft:crimson_trapdoor":2,"minecraft:blast_furnace":3,"minecraft:yellow_concrete":373,"bitsandchisels:wrench":1340,"minecraft:campfire":4,"minecraft:lime_shulker_box":1,"minecraft:painting":34,"minecraft:smoker":2,"minecraft:warped_planks":1,"minecraft:dark_oak_door":37,"minecraft:redstone_torch":6,"bitsandchisels:bit_item":12931,"minecraft:oak_log":1,"minecraft:sticky_piston":2,"minecraft:flower_pot":13,"minecraft:lever":4,"minecraft:acacia_stairs":138,"minecraft:light":937,"minecraft:black_concrete":16,"minecraft:black_wool":422,"minecraft:ghast_spawn_egg":4,"minecraft:stripped_jungle_log":1,"minecraft:birch_slab":859,"minecraft:gray_stained_glass_pane":12,"minecraft:command_block":20,"minecraft:light_gray_concrete":1593,"minecraft:stone_button":3,"minecraft:cyan_concrete":199,"minecraft:spruce_trapdoor":112,"bitsandchisels:blueprint":25,"minecraft:oak_pressure_plate":1,"minecraft:deepslate":1,"minecraft:flowering_azalea_leaves":20,"minecraft:soul_lantern":18,"minecraft:azalea_leaves":8,"minecraft:white_banner":2,"minecraft:grindstone":2,"minecraft:smithing_table":2,"minecraft:green_concrete_powder":55,"minecraft:white_stained_glass":1,"minecraft:chain_command_block":30,"minecraft:dark_oak_chest_boat":1,"minecraft:repeating_command_block":10,"minecraft:smooth_stone_slab":5,"minecraft:sea_pickle":14,"minecraft:goat_spawn_egg":1,"minecraft:white_concrete":2756,"minecraft:gray_wool":1,"minecraft:splash_potion":8,"minecraft:diorite_slab":6,"minecraft:smooth_stone":1,"minecraft:jukebox":1}},"DataVersion":3105}