{"stats":{"minecraft:dropped":{"bitsandchisels:bits_block":26,"minecraft:stone_pressure_plate":1,"minecraft:stone":1,"minecraft:turtle_helmet":1,"minecraft:red_wool":1,"bitsandchisels:bit_item":158,"minecraft:grass_block":1,"minecraft:lime_wool":1,"bitsandchisels:blueprint":2},"minecraft:custom":{"minecraft:time_since_rest":201331,"minecraft:crouch_one_cm":20629,"minecraft:sprint_one_cm":58340,"minecraft:play_time":201331,"minecraft:walk_one_cm":223035,"minecraft:sneak_time":32227,"minecraft:drop":22,"minecraft:jump":665,"minecraft:leave_game":16,"minecraft:time_since_death":201331,"minecraft:total_world_time":201331,"minecraft:fly_one_cm":1258635},"minecraft:picked_up":{"bitsandchisels:blueprint":1,"minecraft:turtle_helmet":1,"bitsandchisels:bits_block":60,"minecraft:stone_pressure_plate":1},"minecraft:used":{"bitsandchisels:bit_item":198,"minecraft:green_terracotta":1,"minecraft:glass":4,"minecraft:lime_terracotta":1,"minecraft:sea_lantern":27,"minecraft:red_wool":4,"minecraft:red_concrete":5,"minecraft:grass_block":2,"bitsandchisels:bits_block":29,"minecraft:smooth_quartz_slab":2,"minecraft:iron_block":1,"minecraft:green_wool":1,"minecraft:yellow_concrete":1,"minecraft:lime_wool":2,"minecraft:green_concrete_powder":1,"minecraft:polished_diorite_stairs":5,"minecraft:quartz_block":2,"bitsandchisels:wrench":64,"minecraft:stone":1,"bitsandchisels:blueprint":671,"minecraft:quartz_stairs":2,"minecraft:diorite_stairs":1}},"DataVersion":3105}