{"stats":{"minecraft:picked_up":{"chiselsandbits:chiseledglass":1},"minecraft:custom":{"minecraft:jump":494,"minecraft:time_since_rest":52806,"minecraft:leave_game":1,"minecraft:crouch_one_cm":5090,"minecraft:sprint_one_cm":178,"minecraft:play_time":52806,"minecraft:time_since_death":52806,"minecraft:walk_one_cm":54512,"minecraft:sneak_time":3557,"minecraft:total_world_time":52806,"minecraft:fly_one_cm":227878},"minecraft:used":{"chiselsandbits:chiseledglass":1618,"minecraft:quartz_bricks":1,"minecraft:polished_diorite_slab":2,"minecraft:torch":2,"minecraft:white_concrete":1,"chiselsandbits:chiseledrock":2}},"DataVersion":2975}