{"stats":{"minecraft:picked_up":{"bitsandchisels:wrench":1,"minecraft:black_stained_glass_pane":1,"bitsandchisels:bits_block":2036,"minecraft:light_gray_stained_glass_pane":1,"minecraft:moss_carpet":2,"bitsandchisels:bit_item":192,"bitsandchisels:diamond_chisel":1},"minecraft:dropped":{"minecraft:lava_bucket":1,"bitsandchisels:wrench":1,"minecraft:light_gray_stained_glass_pane":1,"bitsandchisels:bits_block":144,"bitsandchisels:bit_item":5},"minecraft:custom":{"minecraft:time_since_rest":907874,"minecraft:sprint_one_cm":39758,"minecraft:walk_one_cm":507715,"minecraft:interact_with_anvil":2,"minecraft:drop":67,"minecraft:fly_one_cm":2368107,"minecraft:open_chest":6,"minecraft:crouch_one_cm":24404,"minecraft:play_time":907874,"minecraft:sneak_time":78927,"minecraft:jump":1721,"minecraft:leave_game":11,"minecraft:time_since_death":907874,"minecraft:total_world_time":907874},"minecraft:used":{"minecraft:azalea":50,"bitsandchisels:bit_item":3317,"minecraft:peony":1,"minecraft:black_concrete":1,"minecraft:sea_lantern":2,"minecraft:moss_carpet":11,"minecraft:lava_bucket":1,"minecraft:flowering_azalea":41,"minecraft:acacia_stairs":14,"minecraft:rose_bush":1,"minecraft:iron_bars":1,"minecraft:light_gray_stained_glass":1,"minecraft:black_stained_glass_pane":1,"minecraft:snow_block":1,"minecraft:light_gray_stained_glass_pane":54,"minecraft:light_gray_concrete":4,"minecraft:gray_stained_glass_pane":55,"minecraft:quartz_slab":7,"minecraft:smooth_quartz_slab":205,"minecraft:grass_block":53,"minecraft:red_concrete":1,"minecraft:acacia_slab":17,"minecraft:polished_diorite_slab":89,"minecraft:chest":1,"minecraft:tinted_glass":2,"minecraft:stone":13,"minecraft:gray_concrete_powder":1,"minecraft:smooth_quartz":153,"minecraft:flowering_azalea_leaves":24,"minecraft:pink_concrete":1,"minecraft:chiseled_stone_bricks":1,"minecraft:azalea_leaves":494,"minecraft:dirt":37,"minecraft:potion":30,"minecraft:anvil":1,"minecraft:bow":4,"minecraft:black_stained_glass":5,"minecraft:magenta_terracotta":2,"minecraft:chorus_flower":19,"bitsandchisels:bits_block":3154,"minecraft:white_stained_glass_pane":37,"minecraft:white_stained_glass":1,"bitsandchisels:wrench":217,"minecraft:pink_terracotta":52,"minecraft:purple_terracotta":1,"minecraft:white_concrete":690,"minecraft:acacia_planks":670,"minecraft:end_stone":47,"minecraft:chorus_plant":1,"minecraft:bone_meal":2,"minecraft:soul_torch":3,"minecraft:polished_diorite":50,"minecraft:gray_stained_glass":4}},"DataVersion":3105}