{"stats":{"minecraft:dropped":{"bitsandchisels:bits_block":55,"minecraft:lava_bucket":1,"minecraft:red_concrete":1,"minecraft:dirt":1,"bitsandchisels:bit_item":3,"bitsandchisels:diamond_chisel":1},"minecraft:custom":{"minecraft:time_since_rest":196396,"minecraft:crouch_one_cm":75906,"minecraft:sprint_one_cm":28176,"minecraft:play_time":196396,"minecraft:walk_one_cm":288516,"minecraft:sneak_time":81346,"minecraft:drop":27,"minecraft:jump":464,"minecraft:leave_game":35,"minecraft:time_since_death":196396,"minecraft:total_world_time":196396,"minecraft:fly_one_cm":624577},"minecraft:picked_up":{"minecraft:wooden_axe":1,"minecraft:green_concrete_powder":6,"minecraft:torch":1,"bitsandchisels:bits_block":179,"bitsandchisels:diamond_chisel":1,"minecraft:pink_terracotta":1},"minecraft:used":{"minecraft:black_terracotta":4,"minecraft:torch":6,"minecraft:lava_bucket":1,"minecraft:dirt":12,"minecraft:bricks":1,"minecraft:yellow_terracotta":1,"minecraft:red_concrete":10,"minecraft:light_gray_concrete":8,"minecraft:grass_block":7,"bitsandchisels:bits_block":166,"minecraft:polished_diorite_slab":9,"minecraft:green_concrete_powder":14,"minecraft:polished_diorite_stairs":14,"minecraft:chain":2,"bitsandchisels:wrench":776,"minecraft:pink_terracotta":4,"minecraft:stone":2,"bitsandchisels:blueprint":10,"minecraft:orange_terracotta":1,"bitsandchisels:bit_item":553}},"DataVersion":3105}