{"stats":{"minecraft:dropped":{"bitsandchisels:bits_block":1},"minecraft:picked_up":{"minecraft:lime_wool":1,"minecraft:stone":1,"bitsandchisels:bits_block":265,"minecraft:stone_pressure_plate":2,"bitsandchisels:bit_item":158},"minecraft:used":{"minecraft:redstone_torch":1,"bitsandchisels:bit_item":354,"minecraft:water_bucket":3,"minecraft:green_concrete":2,"minecraft:acacia_stairs":5,"minecraft:cyan_terracotta":2,"minecraft:firework_rocket":35,"minecraft:light_gray_stained_glass":1,"minecraft:black_stained_glass_pane":153,"minecraft:orange_concrete":1,"minecraft:armor_stand":1,"minecraft:light_gray_concrete":997,"minecraft:quartz_slab":196,"minecraft:smooth_quartz_slab":1365,"minecraft:iron_block":5,"minecraft:grass_block":15,"minecraft:redstone":2,"minecraft:polished_andesite":2,"minecraft:acacia_slab":56,"minecraft:map":1,"minecraft:cartography_table":1,"minecraft:polished_andesite_stairs":58,"minecraft:quartz_block":5,"minecraft:polished_diorite_slab":28,"minecraft:cyan_concrete":2,"minecraft:tinted_glass":15,"minecraft:stone":1,"minecraft:smooth_quartz":641,"minecraft:sculk":3,"bitsandchisels:blueprint":82,"minecraft:quartz_stairs":149,"minecraft:gold_ore":1,"minecraft:polished_andesite_slab":138,"minecraft:yellow_wool":3,"minecraft:smooth_quartz_stairs":130,"minecraft:torch":3,"minecraft:spyglass":13,"minecraft:bow":4,"minecraft:black_stained_glass":1,"minecraft:white_carpet":27,"minecraft:light_blue_concrete":2,"minecraft:cut_copper":2,"bitsandchisels:bits_block":852,"minecraft:sculk_shrieker":2,"minecraft:green_concrete_powder":9,"minecraft:stone_stairs":5,"minecraft:polished_diorite_stairs":39,"bitsandchisels:wrench":66,"minecraft:pink_terracotta":2,"minecraft:acacia_planks":1485,"minecraft:orange_terracotta":17,"minecraft:enchanted_golden_apple":1,"minecraft:sculk_catalyst":2,"minecraft:gray_stained_glass":3},"minecraft:custom":{"minecraft:time_since_rest":762110,"minecraft:sprint_one_cm":1070583,"minecraft:walk_one_cm":789106,"minecraft:trigger_trapped_chest":1,"minecraft:drop":1,"minecraft:swim_one_cm":3941,"minecraft:interact_with_cartography_table":2,"minecraft:fly_one_cm":5534064,"minecraft:open_chest":1,"minecraft:crouch_one_cm":60972,"minecraft:play_time":762110,"minecraft:sneak_time":71750,"minecraft:walk_under_water_one_cm":947,"minecraft:aviate_one_cm":494501,"minecraft:jump":4565,"minecraft:leave_game":28,"minecraft:time_since_death":762110,"minecraft:walk_on_water_one_cm":4510,"minecraft:total_world_time":762110}},"DataVersion":3105}