{"stats":{"minecraft:custom":{"minecraft:time_since_rest":168438,"minecraft:crouch_one_cm":478,"minecraft:sprint_one_cm":11762,"minecraft:play_time":168438,"minecraft:walk_one_cm":372240,"minecraft:sneak_time":1608,"minecraft:walk_under_water_one_cm":580,"minecraft:drop":5,"minecraft:jump":308,"minecraft:leave_game":3,"minecraft:time_since_death":168438,"minecraft:walk_on_water_one_cm":138,"minecraft:total_world_time":168438,"minecraft:fly_one_cm":474566},"minecraft:dropped":{"bitsandchisels:bits_block":5,"minecraft:flowering_azalea_leaves":1},"minecraft:picked_up":{"bitsandchisels:bit_item":10816,"minecraft:flowering_azalea_leaves":1,"bitsandchisels:bits_block":146},"minecraft:used":{"bitsandchisels:bit_item":89,"minecraft:smooth_quartz_stairs":24,"minecraft:reinforced_deepslate":1,"minecraft:black_concrete":1,"minecraft:acacia_stairs":1,"minecraft:light_blue_concrete":1,"minecraft:grass_block":2,"minecraft:quartz_slab":4,"minecraft:smooth_quartz_slab":20,"bitsandchisels:bits_block":254,"minecraft:red_concrete":3,"minecraft:quartz_block":12,"minecraft:acacia_leaves":6,"minecraft:cyan_concrete":3,"minecraft:white_concrete":1,"minecraft:acacia_planks":50,"minecraft:smooth_quartz":39,"minecraft:polished_diorite":35,"minecraft:flowering_azalea_leaves":1}},"DataVersion":3105}