{"stats":{"minecraft:used":{"minecraft:soul_lantern":2,"bitsandchisels:bit_item":1034,"minecraft:oak_leaves":751,"minecraft:waxed_oxidized_cut_copper_slab":1,"minecraft:green_concrete":1,"minecraft:black_concrete":85,"minecraft:flowering_azalea":3,"minecraft:lime_concrete":2,"minecraft:bow":17,"minecraft:black_stained_glass":3,"minecraft:birch_planks":1,"minecraft:birch_slab":399,"minecraft:light_gray_concrete":29,"minecraft:black_stained_glass_pane":8,"bitsandchisels:bits_block":222,"minecraft:grass_block":13,"minecraft:polished_diorite_slab":4,"minecraft:acacia_fence":130,"minecraft:oxidized_cut_copper_slab":1623,"bitsandchisels:wrench":238,"minecraft:smooth_stone_slab":103,"minecraft:gray_concrete":81,"minecraft:tinted_glass":1,"minecraft:white_concrete":11,"minecraft:stone":4,"minecraft:acacia_planks":1271,"minecraft:smooth_quartz":3,"minecraft:bone_meal":1,"minecraft:smooth_stone":8,"minecraft:flowering_azalea_leaves":126},"minecraft:dropped":{"bitsandchisels:bits_block":2,"minecraft:white_concrete":1},"minecraft:picked_up":{"bitsandchisels:bits_block":139},"minecraft:custom":{"minecraft:time_since_rest":279637,"minecraft:crouch_one_cm":35091,"minecraft:sprint_one_cm":51713,"minecraft:play_time":279637,"minecraft:walk_one_cm":344421,"minecraft:sneak_time":39638,"minecraft:walk_under_water_one_cm":574,"minecraft:drop":2,"minecraft:jump":376,"minecraft:leave_game":6,"minecraft:walk_on_water_one_cm":78,"minecraft:time_since_death":279637,"minecraft:total_world_time":279637,"minecraft:fly_one_cm":1856286}},"DataVersion":3105}