{"stats":{"minecraft:dropped":{"minecraft:stone":1,"minecraft:wooden_axe":2},"minecraft:used":{"bitsandchisels:bit_item":43,"minecraft:sticky_piston":1,"minecraft:glass":61,"minecraft:nether_brick_fence":4,"minecraft:daylight_detector":4,"minecraft:polished_deepslate":13,"minecraft:orange_concrete":5,"minecraft:light_gray_concrete":220,"minecraft:red_wool":4,"minecraft:red_concrete":8,"minecraft:grass_block":3,"minecraft:oak_stairs":17,"minecraft:spruce_slab":21,"minecraft:redstone":3,"minecraft:slime_block":1,"minecraft:polished_andesite_stairs":8,"minecraft:acacia_slab":21,"minecraft:quartz_block":1,"minecraft:oak_sign":8,"minecraft:andesite_slab":15,"minecraft:stone":13,"minecraft:spruce_trapdoor":32,"bitsandchisels:blueprint":2,"minecraft:quartz_stairs":11,"minecraft:item_frame":10,"minecraft:potion":1,"minecraft:oak_slab":95,"minecraft:cobbled_deepslate_slab":9,"minecraft:acacia_pressure_plate":6,"bitsandchisels:bits_block":3,"minecraft:furnace":4,"minecraft:stripped_oak_wood":28,"minecraft:chain":1,"minecraft:cobblestone_wall":1,"minecraft:andesite_stairs":35,"minecraft:andesite":8,"minecraft:stone_stairs":10,"bitsandchisels:wrench":31,"minecraft:pink_terracotta":3,"minecraft:end_portal_frame":1,"minecraft:gray_banner":7,"minecraft:stone_pressure_plate":1,"minecraft:acacia_planks":88,"minecraft:cyan_wool":3,"minecraft:cobbled_deepslate_stairs":14,"minecraft:oak_fence_gate":5},"minecraft:picked_up":{"minecraft:lily_pad":6,"bitsandchisels:bits_block":10,"minecraft:oak_sign":1},"minecraft:custom":{"minecraft:time_since_rest":146950,"minecraft:interact_with_furnace":1,"minecraft:sprint_one_cm":14257,"minecraft:walk_one_cm":106756,"minecraft:drop":3,"minecraft:fly_one_cm":758782,"minecraft:crouch_one_cm":24918,"minecraft:play_time":146950,"minecraft:sneak_time":15077,"minecraft:jump":292,"minecraft:leave_game":7,"minecraft:time_since_death":146950,"minecraft:total_world_time":146950}},"DataVersion":3105}