{"stats":{"minecraft:custom":{"minecraft:time_since_rest":248483,"minecraft:open_chest":4,"minecraft:crouch_one_cm":7242,"minecraft:sprint_one_cm":49032,"minecraft:play_time":248483,"minecraft:walk_one_cm":324944,"minecraft:sneak_time":8543,"minecraft:trigger_trapped_chest":2,"minecraft:interact_with_anvil":3,"minecraft:drop":34,"minecraft:jump":409,"minecraft:leave_game":19,"minecraft:time_since_death":248483,"minecraft:total_world_time":248483,"minecraft:fly_one_cm":1017702},"minecraft:dropped":{"minecraft:chain":1,"bitsandchisels:bit_item":33},"minecraft:picked_up":{"bitsandchisels:bit_item":33,"minecraft:chain":1,"bitsandchisels:bits_block":317},"minecraft:used":{"minecraft:warden_spawn_egg":4,"minecraft:sculk_sensor":1,"minecraft:black_terracotta":2,"minecraft:torch":6,"minecraft:coal_block":1,"minecraft:light_gray_stained_glass":1,"minecraft:anvil":1,"minecraft:black_stained_glass":1,"minecraft:grass_block":1,"minecraft:light_gray_concrete":1,"bitsandchisels:bits_block":303,"minecraft:iron_block":23,"minecraft:chain":3,"minecraft:oak_sign":2,"minecraft:chest":1,"minecraft:pink_terracotta":6,"minecraft:tinted_glass":1,"minecraft:white_concrete":4,"minecraft:polished_granite":1,"minecraft:acacia_planks":18,"minecraft:lime_dye":2,"minecraft:gray_stained_glass":3,"bitsandchisels:bit_item":148}},"DataVersion":3105}