{"stats":{"minecraft:custom":{"minecraft:time_since_rest":22192,"minecraft:open_chest":6,"minecraft:open_shulker_box":3,"minecraft:crouch_one_cm":1003,"minecraft:sprint_one_cm":279736,"minecraft:play_time":22192,"minecraft:damage_taken":530,"minecraft:walk_one_cm":122312,"minecraft:sneak_time":486,"minecraft:drop":1,"minecraft:jump":337,"minecraft:leave_game":5,"minecraft:time_since_death":22192,"minecraft:total_world_time":22192,"minecraft:fall_one_cm":14195,"minecraft:fly_one_cm":273139},"minecraft:picked_up":{"minecraft:white_stained_glass_pane":1,"minecraft:magma_cream":1,"minecraft:clay_ball":2,"minecraft:red_dye":1,"minecraft:warped_trapdoor":1,"minecraft:soul_torch":1,"bitsandchisels:bits_block":2,"minecraft:pink_dye":1},"minecraft:used":{"minecraft:writable_book":2,"bitsandchisels:bits_block":2},"minecraft:dropped":{"minecraft:clay_ball":1}},"DataVersion":3105}