{"stats":{"minecraft:custom":{"minecraft:time_since_rest":472852,"minecraft:sprint_one_cm":151504,"minecraft:walk_one_cm":511456,"minecraft:mob_kills":2,"minecraft:drop":1,"minecraft:damage_dealt":80,"minecraft:fly_one_cm":2813766,"minecraft:open_chest":2,"minecraft:crouch_one_cm":20095,"minecraft:play_time":472852,"minecraft:sneak_time":45016,"minecraft:walk_under_water_one_cm":379,"minecraft:jump":1597,"minecraft:leave_game":15,"minecraft:time_since_death":472852,"minecraft:walk_on_water_one_cm":89,"minecraft:total_world_time":472852},"minecraft:dropped":{"bitsandchisels:bits_block":1},"minecraft:picked_up":{"minecraft:feather":2,"minecraft:chicken":2,"minecraft:glow_item_frame":1,"bitsandchisels:bits_block":662,"bitsandchisels:bit_item":19609,"minecraft:tropical_fish":1,"minecraft:white_concrete":1,"minecraft:egg":4},"minecraft:used":{"bitsandchisels:bit_item":2600,"minecraft:oak_fence":21,"minecraft:glass":1,"minecraft:black_wool":1,"minecraft:light_gray_stained_glass":1,"minecraft:light_gray_concrete":1,"minecraft:light_gray_stained_glass_pane":138,"minecraft:gray_stained_glass_pane":20,"minecraft:red_wool":2,"minecraft:smooth_quartz_slab":16,"minecraft:grass_block":21,"minecraft:lime_wool":1,"minecraft:chicken_spawn_egg":2,"minecraft:tinted_glass":3,"minecraft:stone":6,"bitsandchisels:blueprint":5,"minecraft:quartz_stairs":39,"minecraft:pink_wool":1,"minecraft:yellow_wool":1,"minecraft:light_gray_wool":1,"minecraft:white_wool":1,"minecraft:diamond_sword":2,"minecraft:bow":1,"minecraft:white_carpet":1,"bitsandchisels:bits_block":1019,"minecraft:white_stained_glass":1,"minecraft:green_concrete_powder":7,"minecraft:glass_pane":11,"bitsandchisels:wrench":318,"minecraft:white_concrete":54,"minecraft:acacia_planks":105,"minecraft:dragon_head":1,"minecraft:gray_stained_glass":9},"minecraft:killed":{"minecraft:chicken":2}},"DataVersion":3105}