{"stats":{"minecraft:custom":{"minecraft:jump":174,"minecraft:open_chest":1,"minecraft:time_since_rest":72721,"minecraft:leave_game":1,"minecraft:crouch_one_cm":2788,"minecraft:sprint_one_cm":77864,"minecraft:play_time":72721,"minecraft:time_since_death":72721,"minecraft:walk_one_cm":173233,"minecraft:sneak_time":2140,"minecraft:total_world_time":72721,"minecraft:fly_one_cm":292918},"minecraft:picked_up":{"bitsandchisels:bits_block":28,"minecraft:apple":1,"minecraft:oak_sapling":3},"minecraft:used":{"minecraft:dark_oak_stairs":4,"bitsandchisels:wrench":75,"minecraft:stripped_dark_oak_wood":7,"minecraft:smooth_quartz":2,"minecraft:potion":1,"minecraft:quartz_slab":2,"minecraft:quartz_stairs":1,"bitsandchisels:bits_block":21,"bitsandchisels:bit_item":139}},"DataVersion":3105}