{"stats":{"minecraft:used":{"bitsandchisels:bit_item":2516,"minecraft:coal_block":2,"minecraft:black_concrete":5,"minecraft:bricks":142,"minecraft:potion":2,"minecraft:black_stained_glass":7,"minecraft:snow_block":1,"minecraft:light_gray_concrete":3,"bitsandchisels:bits_block":222,"minecraft:white_stained_glass":2,"minecraft:oak_sign":1,"minecraft:quartz_block":1,"bitsandchisels:blueprint":261,"minecraft:tinted_glass":3,"minecraft:white_concrete":15,"minecraft:smooth_quartz":4,"minecraft:stone":17,"minecraft:acacia_planks":240,"minecraft:granite":30,"minecraft:blue_concrete":2,"minecraft:milk_bucket":1,"minecraft:gray_stained_glass":1},"minecraft:picked_up":{"bitsandchisels:bits_block":466,"bitsandchisels:smart_chisel":1},"minecraft:custom":{"minecraft:time_since_rest":464614,"minecraft:open_chest":3,"minecraft:crouch_one_cm":22006,"minecraft:sprint_one_cm":108714,"minecraft:play_time":464614,"minecraft:walk_one_cm":519737,"minecraft:sneak_time":33779,"minecraft:drop":1,"minecraft:jump":1159,"minecraft:leave_game":23,"minecraft:time_since_death":464614,"minecraft:total_world_time":464614,"minecraft:fly_one_cm":2174902},"minecraft:dropped":{"bitsandchisels:smart_chisel":1}},"DataVersion":3105}