{"stats":{"minecraft:custom":{"minecraft:time_since_rest":285442,"minecraft:crouch_one_cm":9556,"minecraft:sprint_one_cm":59664,"minecraft:play_time":285442,"minecraft:walk_one_cm":291765,"minecraft:sneak_time":35230,"minecraft:drop":3,"minecraft:jump":448,"minecraft:leave_game":6,"minecraft:time_since_death":285442,"minecraft:total_world_time":285442,"minecraft:fly_one_cm":1775659},"minecraft:dropped":{"bitsandchisels:bits_block":3},"minecraft:picked_up":{"bitsandchisels:bits_block":208},"minecraft:used":{"minecraft:stone_bricks":5,"bitsandchisels:bit_item":682,"minecraft:quartz_bricks":5,"minecraft:bricks":62,"minecraft:light_gray_concrete":55,"minecraft:iron_block":3,"bitsandchisels:bits_block":517,"minecraft:redstone":7,"minecraft:polished_andesite":4,"minecraft:yellow_concrete":1,"bitsandchisels:wrench":58,"minecraft:smooth_stone_slab":1,"minecraft:stone":62,"minecraft:white_concrete":15,"minecraft:acacia_planks":66,"minecraft:smooth_stone":1,"minecraft:quartz_stairs":6}},"DataVersion":3105}