{"stats":{"minecraft:picked_up":{"minecraft:clay_ball":1,"minecraft:glow_item_frame":2,"minecraft:warped_trapdoor":1,"minecraft:soul_torch":1,"bitsandchisels:bits_block":192,"minecraft:redstone":1,"minecraft:paper":1,"minecraft:white_banner":2,"minecraft:item_frame":1,"minecraft:oak_sign":3,"minecraft:player_head":1,"minecraft:nether_star":1,"bitsandchisels:diamond_chisel":1},"minecraft:mined":{"minecraft:player_head":1},"minecraft:custom":{"minecraft:time_since_rest":367383,"minecraft:sprint_one_cm":852221,"minecraft:damage_taken":50,"minecraft:walk_one_cm":907867,"minecraft:interact_with_anvil":29,"minecraft:damage_dealt":10,"minecraft:fly_one_cm":2205484,"minecraft:open_chest":93,"minecraft:crouch_one_cm":40657,"minecraft:play_time":367383,"minecraft:open_shulker_box":1,"minecraft:sneak_time":29260,"minecraft:jump":2289,"minecraft:interact_with_blast_furnace":1,"minecraft:leave_game":12,"minecraft:time_since_death":367383,"minecraft:total_world_time":367383,"minecraft:fall_one_cm":2633},"minecraft:used":{"minecraft:birch_fence":7,"bitsandchisels:bit_item":150,"minecraft:end_rod":11,"minecraft:stone_brick_slab":7,"minecraft:waxed_oxidized_copper":1,"minecraft:black_concrete":138,"minecraft:packed_ice":72,"minecraft:writable_book":2,"minecraft:mangrove_door":1,"minecraft:gray_stained_glass_pane":1,"minecraft:light_gray_concrete":93,"minecraft:heavy_weighted_pressure_plate":2,"minecraft:armor_stand":158,"minecraft:grass_block":1,"minecraft:redstone":3,"minecraft:oak_sign":5,"minecraft:chest":4,"minecraft:cyan_concrete":2,"minecraft:white_terracotta":34,"minecraft:composter":1,"minecraft:iron_door":38,"minecraft:beacon":5,"minecraft:player_head":19,"minecraft:item_frame":6,"minecraft:pink_concrete":8,"minecraft:glow_item_frame":59,"minecraft:birch_trapdoor":10,"minecraft:glowstone":3,"minecraft:dark_oak_trapdoor":6,"minecraft:diamond_block":2,"minecraft:anvil":15,"minecraft:white_carpet":9,"minecraft:light_blue_concrete":8,"minecraft:written_book":1,"minecraft:chainmail_boots":2,"minecraft:white_banner":4,"bitsandchisels:bits_block":630,"minecraft:light_blue_wool":6,"minecraft:green_concrete_powder":5,"minecraft:yellow_concrete":3,"minecraft:chain":2,"minecraft:blue_ice":20,"minecraft:white_bed":4,"minecraft:gray_concrete":10,"minecraft:white_concrete":119,"minecraft:acacia_planks":1,"minecraft:dark_oak_door":10,"minecraft:lightning_rod":2,"minecraft:soul_torch":1,"minecraft:experience_bottle":4,"minecraft:chainmail_leggings":1}},"DataVersion":3105}