{"stats":{"minecraft:picked_up":{"minecraft:glow_item_frame":1,"bitsandchisels:bits_block":125,"minecraft:paper":1,"minecraft:item_frame":1,"minecraft:nether_star":1,"bitsandchisels:diamond_chisel":1},"minecraft:used":{"minecraft:birch_fence":6,"bitsandchisels:bit_item":115,"minecraft:stone_brick_slab":7,"minecraft:waxed_oxidized_copper":1,"minecraft:packed_ice":72,"minecraft:black_concrete":138,"minecraft:mangrove_door":1,"minecraft:gray_stained_glass_pane":1,"minecraft:light_gray_concrete":93,"minecraft:grass_block":1,"minecraft:armor_stand":110,"minecraft:redstone":3,"minecraft:chest":3,"minecraft:cyan_concrete":2,"minecraft:white_terracotta":34,"minecraft:iron_door":22,"minecraft:player_head":19,"minecraft:item_frame":6,"minecraft:pink_concrete":8,"minecraft:glow_item_frame":43,"minecraft:birch_trapdoor":10,"minecraft:diamond_block":2,"minecraft:dark_oak_trapdoor":4,"minecraft:glowstone":3,"minecraft:anvil":10,"minecraft:white_carpet":9,"minecraft:light_blue_concrete":8,"minecraft:chainmail_boots":2,"bitsandchisels:bits_block":314,"minecraft:light_blue_wool":6,"minecraft:green_concrete_powder":5,"minecraft:yellow_concrete":1,"minecraft:chain":2,"minecraft:blue_ice":20,"minecraft:gray_concrete":10,"minecraft:white_concrete":1,"minecraft:acacia_planks":1,"minecraft:soul_torch":1,"minecraft:chainmail_leggings":1},"minecraft:custom":{"minecraft:time_since_rest":205020,"minecraft:sprint_one_cm":546136,"minecraft:damage_taken":30,"minecraft:walk_one_cm":714325,"minecraft:interact_with_anvil":16,"minecraft:fly_one_cm":965202,"minecraft:open_chest":83,"minecraft:crouch_one_cm":28580,"minecraft:open_shulker_box":1,"minecraft:play_time":205020,"minecraft:sneak_time":23629,"minecraft:jump":982,"minecraft:leave_game":6,"minecraft:time_since_death":205020,"minecraft:total_world_time":205020,"minecraft:fall_one_cm":566}},"DataVersion":3105}